FRODO  Copyright (C) 2008-2019  Thomas Leaute, Brammert Ottens & Radoslaw Szymanek
This program comes with ABSOLUTELY NO WARRANTY.
This is free software, and you are welcome to redistribute it
under certain conditions. Use the option -license to display the license.

Parsing the input problem file: C:/Users/xflox/Desktop/MAS github/multi_agent_celar/xml/scen03.xml
Parsing the input agent configuration file: agents/MGM/MGMagentJaCoP.xml
Setting up the agents...
Constraint graph:
graph {
	node [shape = "circle"];
	subgraph cluster_agent080 {
		label = agent080;
		var264 [style="filled"];
	}
	subgraph cluster_agent081 {
		label = agent081;
		var265 [style="filled"];
	}
	subgraph cluster_agent082 {
		label = agent082;
		var266 [style="filled"];
	}
	subgraph cluster_agent083 {
		label = agent083;
		var267 [style="filled"];
	}
	subgraph cluster_agent084 {
		label = agent084;
		var268 [style="filled"];
	}
	subgraph cluster_agent085 {
		label = agent085;
		var269 [style="filled"];
	}
	subgraph cluster_agent086 {
		label = agent086;
		var270 [style="filled"];
	}
	subgraph cluster_agent087 {
		label = agent087;
		var271 [style="filled"];
	}
	subgraph cluster_agent088 {
		label = agent088;
		var272 [style="filled"];
	}
	subgraph cluster_agent089 {
		label = agent089;
		var273 [style="filled"];
	}
	subgraph cluster_agent090 {
		label = agent090;
		var274 [style="filled"];
	}
	subgraph cluster_agent091 {
		label = agent091;
		var275 [style="filled"];
	}
	subgraph cluster_agent092 {
		label = agent092;
		var276 [style="filled"];
	}
	subgraph cluster_agent093 {
		label = agent093;
		var277 [style="filled"];
	}
	subgraph cluster_agent094 {
		label = agent094;
		var278 [style="filled"];
	}
	subgraph cluster_agent095 {
		label = agent095;
		var281 [style="filled"];
	}
	subgraph cluster_agent096 {
		label = agent096;
		var282 [style="filled"];
	}
	subgraph cluster_agent097 {
		label = agent097;
		var283 [style="filled"];
	}
	subgraph cluster_agent098 {
		label = agent098;
		var284 [style="filled"];
	}
	subgraph cluster_agent099 {
		label = agent099;
		var285 [style="filled"];
	}
	subgraph cluster_agent049 {
		label = agent049;
		var179 [style="filled"];
	}
	subgraph cluster_agent280 {
		label = agent280;
		var632 [style="filled"];
	}
	subgraph cluster_agent160 {
		label = agent160;
		var364 [style="filled"];
	}
	subgraph cluster_agent281 {
		label = agent281;
		var633 [style="filled"];
	}
	subgraph cluster_agent040 {
		label = agent040;
		var146 [style="filled"];
	}
	subgraph cluster_agent161 {
		label = agent161;
		var365 [style="filled"];
	}
	subgraph cluster_agent282 {
		label = agent282;
		var634 [style="filled"];
	}
	subgraph cluster_agent041 {
		label = agent041;
		var151 [style="filled"];
	}
	subgraph cluster_agent162 {
		label = agent162;
		var366 [style="filled"];
	}
	subgraph cluster_agent283 {
		label = agent283;
		var635 [style="filled"];
	}
	subgraph cluster_agent042 {
		label = agent042;
		var152 [style="filled"];
	}
	subgraph cluster_agent163 {
		label = agent163;
		var367 [style="filled"];
	}
	subgraph cluster_agent284 {
		label = agent284;
		var636 [style="filled"];
	}
	subgraph cluster_agent043 {
		label = agent043;
		var153 [style="filled"];
	}
	subgraph cluster_agent164 {
		label = agent164;
		var368 [style="filled"];
	}
	subgraph cluster_agent285 {
		label = agent285;
		var637 [style="filled"];
	}
	subgraph cluster_agent044 {
		label = agent044;
		var154 [style="filled"];
	}
	subgraph cluster_agent165 {
		label = agent165;
		var369 [style="filled"];
	}
	subgraph cluster_agent286 {
		label = agent286;
		var638 [style="filled"];
	}
	subgraph cluster_agent045 {
		label = agent045;
		var155 [style="filled"];
	}
	subgraph cluster_agent166 {
		label = agent166;
		var370 [style="filled"];
	}
	subgraph cluster_agent287 {
		label = agent287;
		var639 [style="filled"];
	}
	subgraph cluster_agent046 {
		label = agent046;
		var156 [style="filled"];
	}
	subgraph cluster_agent167 {
		label = agent167;
		var371 [style="filled"];
	}
	subgraph cluster_agent288 {
		label = agent288;
		var640 [style="filled"];
	}
	subgraph cluster_agent047 {
		label = agent047;
		var157 [style="filled"];
	}
	subgraph cluster_agent168 {
		label = agent168;
		var372 [style="filled"];
	}
	subgraph cluster_agent289 {
		label = agent289;
		var641 [style="filled"];
	}
	subgraph cluster_agent048 {
		label = agent048;
		var158 [style="filled"];
	}
	subgraph cluster_agent169 {
		label = agent169;
		var375 [style="filled"];
	}
	subgraph cluster_agent290 {
		label = agent290;
		var642 [style="filled"];
	}
	subgraph cluster_agent170 {
		label = agent170;
		var376 [style="filled"];
	}
	subgraph cluster_agent291 {
		label = agent291;
		var643 [style="filled"];
	}
	subgraph cluster_agent050 {
		label = agent050;
		var180 [style="filled"];
	}
	subgraph cluster_agent171 {
		label = agent171;
		var377 [style="filled"];
	}
	subgraph cluster_agent292 {
		label = agent292;
		var644 [style="filled"];
	}
	subgraph cluster_agent051 {
		label = agent051;
		var181 [style="filled"];
	}
	subgraph cluster_agent172 {
		label = agent172;
		var378 [style="filled"];
	}
	subgraph cluster_agent293 {
		label = agent293;
		var645 [style="filled"];
	}
	subgraph cluster_agent052 {
		label = agent052;
		var182 [style="filled"];
	}
	subgraph cluster_agent173 {
		label = agent173;
		var383 [style="filled"];
	}
	subgraph cluster_agent294 {
		label = agent294;
		var646 [style="filled"];
	}
	subgraph cluster_agent053 {
		label = agent053;
		var183 [style="filled"];
	}
	subgraph cluster_agent174 {
		label = agent174;
		var384 [style="filled"];
	}
	subgraph cluster_agent295 {
		label = agent295;
		var651 [style="filled"];
	}
	subgraph cluster_agent054 {
		label = agent054;
		var184 [style="filled"];
	}
	subgraph cluster_agent175 {
		label = agent175;
		var387 [style="filled"];
	}
	subgraph cluster_agent296 {
		label = agent296;
		var652 [style="filled"];
	}
	subgraph cluster_agent055 {
		label = agent055;
		var191 [style="filled"];
	}
	subgraph cluster_agent176 {
		label = agent176;
		var388 [style="filled"];
	}
	subgraph cluster_agent297 {
		label = agent297;
		var653 [style="filled"];
	}
	subgraph cluster_agent056 {
		label = agent056;
		var192 [style="filled"];
	}
	subgraph cluster_agent177 {
		label = agent177;
		var397 [style="filled"];
	}
	subgraph cluster_agent298 {
		label = agent298;
		var654 [style="filled"];
	}
	subgraph cluster_agent057 {
		label = agent057;
		var193 [style="filled"];
	}
	subgraph cluster_agent178 {
		label = agent178;
		var398 [style="filled"];
	}
	subgraph cluster_agent299 {
		label = agent299;
		var661 [style="filled"];
	}
	subgraph cluster_agent058 {
		label = agent058;
		var194 [style="filled"];
	}
	subgraph cluster_agent179 {
		label = agent179;
		var401 [style="filled"];
	}
	subgraph cluster_agent059 {
		label = agent059;
		var205 [style="filled"];
	}
	subgraph cluster_agent180 {
		label = agent180;
		var402 [style="filled"];
	}
	subgraph cluster_agent060 {
		label = agent060;
		var206 [style="filled"];
	}
	subgraph cluster_agent181 {
		label = agent181;
		var405 [style="filled"];
	}
	subgraph cluster_agent061 {
		label = agent061;
		var209 [style="filled"];
	}
	subgraph cluster_agent182 {
		label = agent182;
		var406 [style="filled"];
	}
	subgraph cluster_agent062 {
		label = agent062;
		var210 [style="filled"];
	}
	subgraph cluster_agent183 {
		label = agent183;
		var435 [style="filled"];
	}
	subgraph cluster_agent063 {
		label = agent063;
		var211 [style="filled"];
	}
	subgraph cluster_agent184 {
		label = agent184;
		var436 [style="filled"];
	}
	subgraph cluster_agent064 {
		label = agent064;
		var212 [style="filled"];
	}
	subgraph cluster_agent185 {
		label = agent185;
		var439 [style="filled"];
	}
	subgraph cluster_agent065 {
		label = agent065;
		var213 [style="filled"];
	}
	subgraph cluster_agent186 {
		label = agent186;
		var440 [style="filled"];
	}
	subgraph cluster_agent066 {
		label = agent066;
		var214 [style="filled"];
	}
	subgraph cluster_agent187 {
		label = agent187;
		var449 [style="filled"];
	}
	subgraph cluster_agent067 {
		label = agent067;
		var215 [style="filled"];
	}
	subgraph cluster_agent188 {
		label = agent188;
		var450 [style="filled"];
	}
	subgraph cluster_agent068 {
		label = agent068;
		var216 [style="filled"];
	}
	subgraph cluster_agent189 {
		label = agent189;
		var471 [style="filled"];
	}
	subgraph cluster_agent069 {
		label = agent069;
		var217 [style="filled"];
	}
	subgraph cluster_agent190 {
		label = agent190;
		var472 [style="filled"];
	}
	subgraph cluster_agent070 {
		label = agent070;
		var218 [style="filled"];
	}
	subgraph cluster_agent191 {
		label = agent191;
		var475 [style="filled"];
	}
	subgraph cluster_agent071 {
		label = agent071;
		var233 [style="filled"];
	}
	subgraph cluster_agent192 {
		label = agent192;
		var476 [style="filled"];
	}
	subgraph cluster_agent072 {
		label = agent072;
		var234 [style="filled"];
	}
	subgraph cluster_agent193 {
		label = agent193;
		var477 [style="filled"];
	}
	subgraph cluster_agent073 {
		label = agent073;
		var235 [style="filled"];
	}
	subgraph cluster_agent194 {
		label = agent194;
		var478 [style="filled"];
	}
	subgraph cluster_agent074 {
		label = agent074;
		var236 [style="filled"];
	}
	subgraph cluster_agent195 {
		label = agent195;
		var481 [style="filled"];
	}
	subgraph cluster_agent075 {
		label = agent075;
		var237 [style="filled"];
	}
	subgraph cluster_agent196 {
		label = agent196;
		var482 [style="filled"];
	}
	subgraph cluster_agent076 {
		label = agent076;
		var238 [style="filled"];
	}
	subgraph cluster_agent197 {
		label = agent197;
		var491 [style="filled"];
	}
	subgraph cluster_agent077 {
		label = agent077;
		var261 [style="filled"];
	}
	subgraph cluster_agent198 {
		label = agent198;
		var492 [style="filled"];
	}
	subgraph cluster_agent078 {
		label = agent078;
		var262 [style="filled"];
	}
	subgraph cluster_agent199 {
		label = agent199;
		var493 [style="filled"];
	}
	subgraph cluster_agent079 {
		label = agent079;
		var263 [style="filled"];
	}
	subgraph cluster_agent005 {
		label = agent005;
		var23 [style="filled"];
	}
	subgraph cluster_agent126 {
		label = agent126;
		var314 [style="filled"];
	}
	subgraph cluster_agent247 {
		label = agent247;
		var593 [style="filled"];
	}
	subgraph cluster_agent368 {
		label = agent368;
		var800 [style="filled"];
	}
	subgraph cluster_agent006 {
		label = agent006;
		var24 [style="filled"];
	}
	subgraph cluster_agent127 {
		label = agent127;
		var321 [style="filled"];
	}
	subgraph cluster_agent248 {
		label = agent248;
		var594 [style="filled"];
	}
	subgraph cluster_agent369 {
		label = agent369;
		var801 [style="filled"];
	}
	subgraph cluster_agent007 {
		label = agent007;
		var49 [style="filled"];
	}
	subgraph cluster_agent128 {
		label = agent128;
		var322 [style="filled"];
	}
	subgraph cluster_agent249 {
		label = agent249;
		var595 [style="filled"];
	}
	subgraph cluster_agent008 {
		label = agent008;
		var50 [style="filled"];
	}
	subgraph cluster_agent129 {
		label = agent129;
		var323 [style="filled"];
	}
	subgraph cluster_agent009 {
		label = agent009;
		var51 [style="filled"];
	}
	subgraph cluster_agent360 {
		label = agent360;
		var792 [style="filled"];
	}
	subgraph cluster_agent240 {
		label = agent240;
		var586 [style="filled"];
	}
	subgraph cluster_agent361 {
		label = agent361;
		var793 [style="filled"];
	}
	subgraph cluster_agent120 {
		label = agent120;
		var308 [style="filled"];
	}
	subgraph cluster_agent241 {
		label = agent241;
		var587 [style="filled"];
	}
	subgraph cluster_agent362 {
		label = agent362;
		var794 [style="filled"];
	}
	subgraph cluster_agent121 {
		label = agent121;
		var309 [style="filled"];
	}
	subgraph cluster_agent242 {
		label = agent242;
		var588 [style="filled"];
	}
	subgraph cluster_agent363 {
		label = agent363;
		var795 [style="filled"];
	}
	subgraph cluster_agent001 {
		label = agent001;
		var13 [style="filled"];
	}
	subgraph cluster_agent122 {
		label = agent122;
		var310 [style="filled"];
	}
	subgraph cluster_agent243 {
		label = agent243;
		var589 [style="filled"];
	}
	subgraph cluster_agent364 {
		label = agent364;
		var796 [style="filled"];
	}
	subgraph cluster_agent002 {
		label = agent002;
		var14 [style="filled"];
	}
	subgraph cluster_agent123 {
		label = agent123;
		var311 [style="filled"];
	}
	subgraph cluster_agent244 {
		label = agent244;
		var590 [style="filled"];
	}
	subgraph cluster_agent365 {
		label = agent365;
		var797 [style="filled"];
	}
	subgraph cluster_agent003 {
		label = agent003;
		var15 [style="filled"];
	}
	subgraph cluster_agent124 {
		label = agent124;
		var312 [style="filled"];
	}
	subgraph cluster_agent245 {
		label = agent245;
		var591 [style="filled"];
	}
	subgraph cluster_agent366 {
		label = agent366;
		var798 [style="filled"];
	}
	subgraph cluster_agent004 {
		label = agent004;
		var16 [style="filled"];
	}
	subgraph cluster_agent125 {
		label = agent125;
		var313 [style="filled"];
	}
	subgraph cluster_agent246 {
		label = agent246;
		var592 [style="filled"];
	}
	subgraph cluster_agent367 {
		label = agent367;
		var799 [style="filled"];
	}
	subgraph cluster_agent016 {
		label = agent016;
		var70 [style="filled"];
	}
	subgraph cluster_agent137 {
		label = agent137;
		var339 [style="filled"];
	}
	subgraph cluster_agent258 {
		label = agent258;
		var604 [style="filled"];
	}
	subgraph cluster_agent379 {
		label = agent379;
		var829 [style="filled"];
	}
	subgraph cluster_agent017 {
		label = agent017;
		var79 [style="filled"];
	}
	subgraph cluster_agent138 {
		label = agent138;
		var340 [style="filled"];
	}
	subgraph cluster_agent259 {
		label = agent259;
		var605 [style="filled"];
	}
	subgraph cluster_agent018 {
		label = agent018;
		var80 [style="filled"];
	}
	subgraph cluster_agent139 {
		label = agent139;
		var341 [style="filled"];
	}
	subgraph cluster_agent019 {
		label = agent019;
		var81 [style="filled"];
	}
	subgraph cluster_agent370 {
		label = agent370;
		var802 [style="filled"];
	}
	subgraph cluster_agent250 {
		label = agent250;
		var596 [style="filled"];
	}
	subgraph cluster_agent371 {
		label = agent371;
		var815 [style="filled"];
	}
	subgraph cluster_agent130 {
		label = agent130;
		var324 [style="filled"];
	}
	subgraph cluster_agent251 {
		label = agent251;
		var597 [style="filled"];
	}
	subgraph cluster_agent372 {
		label = agent372;
		var816 [style="filled"];
	}
	subgraph cluster_agent010 {
		label = agent010;
		var52 [style="filled"];
	}
	subgraph cluster_agent131 {
		label = agent131;
		var325 [style="filled"];
	}
	subgraph cluster_agent252 {
		label = agent252;
		var598 [style="filled"];
	}
	subgraph cluster_agent373 {
		label = agent373;
		var817 [style="filled"];
	}
	subgraph cluster_agent011 {
		label = agent011;
		var53 [style="filled"];
	}
	subgraph cluster_agent132 {
		label = agent132;
		var326 [style="filled"];
	}
	subgraph cluster_agent253 {
		label = agent253;
		var599 [style="filled"];
	}
	subgraph cluster_agent374 {
		label = agent374;
		var818 [style="filled"];
	}
	subgraph cluster_agent012 {
		label = agent012;
		var54 [style="filled"];
	}
	subgraph cluster_agent133 {
		label = agent133;
		var327 [style="filled"];
	}
	subgraph cluster_agent254 {
		label = agent254;
		var600 [style="filled"];
	}
	subgraph cluster_agent375 {
		label = agent375;
		var825 [style="filled"];
	}
	subgraph cluster_agent013 {
		label = agent013;
		var67 [style="filled"];
	}
	subgraph cluster_agent134 {
		label = agent134;
		var328 [style="filled"];
	}
	subgraph cluster_agent255 {
		label = agent255;
		var601 [style="filled"];
	}
	subgraph cluster_agent376 {
		label = agent376;
		var826 [style="filled"];
	}
	subgraph cluster_agent014 {
		label = agent014;
		var68 [style="filled"];
	}
	subgraph cluster_agent135 {
		label = agent135;
		var329 [style="filled"];
	}
	subgraph cluster_agent256 {
		label = agent256;
		var602 [style="filled"];
	}
	subgraph cluster_agent377 {
		label = agent377;
		var827 [style="filled"];
	}
	subgraph cluster_agent015 {
		label = agent015;
		var69 [style="filled"];
	}
	subgraph cluster_agent136 {
		label = agent136;
		var330 [style="filled"];
	}
	subgraph cluster_agent257 {
		label = agent257;
		var603 [style="filled"];
	}
	subgraph cluster_agent378 {
		label = agent378;
		var828 [style="filled"];
	}
	subgraph cluster_agent027 {
		label = agent027;
		var105 [style="filled"];
	}
	subgraph cluster_agent148 {
		label = agent148;
		var350 [style="filled"];
	}
	subgraph cluster_agent269 {
		label = agent269;
		var619 [style="filled"];
	}
	subgraph cluster_agent028 {
		label = agent028;
		var106 [style="filled"];
	}
	subgraph cluster_agent149 {
		label = agent149;
		var351 [style="filled"];
	}
	subgraph cluster_agent029 {
		label = agent029;
		var117 [style="filled"];
	}
	subgraph cluster_agent380 {
		label = agent380;
		var830 [style="filled"];
	}
	subgraph cluster_agent260 {
		label = agent260;
		var606 [style="filled"];
	}
	subgraph cluster_agent381 {
		label = agent381;
		var835 [style="filled"];
	}
	subgraph cluster_agent140 {
		label = agent140;
		var342 [style="filled"];
	}
	subgraph cluster_agent261 {
		label = agent261;
		var607 [style="filled"];
	}
	subgraph cluster_agent382 {
		label = agent382;
		var836 [style="filled"];
	}
	subgraph cluster_agent020 {
		label = agent020;
		var82 [style="filled"];
	}
	subgraph cluster_agent141 {
		label = agent141;
		var343 [style="filled"];
	}
	subgraph cluster_agent262 {
		label = agent262;
		var608 [style="filled"];
	}
	subgraph cluster_agent383 {
		label = agent383;
		var837 [style="filled"];
	}
	subgraph cluster_agent021 {
		label = agent021;
		var83 [style="filled"];
	}
	subgraph cluster_agent142 {
		label = agent142;
		var344 [style="filled"];
	}
	subgraph cluster_agent263 {
		label = agent263;
		var613 [style="filled"];
	}
	subgraph cluster_agent384 {
		label = agent384;
		var838 [style="filled"];
	}
	subgraph cluster_agent022 {
		label = agent022;
		var84 [style="filled"];
	}
	subgraph cluster_agent143 {
		label = agent143;
		var345 [style="filled"];
	}
	subgraph cluster_agent264 {
		label = agent264;
		var614 [style="filled"];
	}
	subgraph cluster_agent385 {
		label = agent385;
		var867 [style="filled"];
	}
	subgraph cluster_agent023 {
		label = agent023;
		var85 [style="filled"];
	}
	subgraph cluster_agent144 {
		label = agent144;
		var346 [style="filled"];
	}
	subgraph cluster_agent265 {
		label = agent265;
		var615 [style="filled"];
	}
	subgraph cluster_agent386 {
		label = agent386;
		var868 [style="filled"];
	}
	subgraph cluster_agent024 {
		label = agent024;
		var86 [style="filled"];
	}
	subgraph cluster_agent145 {
		label = agent145;
		var347 [style="filled"];
	}
	subgraph cluster_agent266 {
		label = agent266;
		var616 [style="filled"];
	}
	subgraph cluster_agent387 {
		label = agent387;
		var875 [style="filled"];
	}
	subgraph cluster_agent025 {
		label = agent025;
		var103 [style="filled"];
	}
	subgraph cluster_agent146 {
		label = agent146;
		var348 [style="filled"];
	}
	subgraph cluster_agent267 {
		label = agent267;
		var617 [style="filled"];
	}
	subgraph cluster_agent388 {
		label = agent388;
		var876 [style="filled"];
	}
	subgraph cluster_agent026 {
		label = agent026;
		var104 [style="filled"];
	}
	subgraph cluster_agent147 {
		label = agent147;
		var349 [style="filled"];
	}
	subgraph cluster_agent268 {
		label = agent268;
		var618 [style="filled"];
	}
	subgraph cluster_agent389 {
		label = agent389;
		var877 [style="filled"];
	}
	subgraph cluster_agent038 {
		label = agent038;
		var144 [style="filled"];
	}
	subgraph cluster_agent159 {
		label = agent159;
		var363 [style="filled"];
	}
	subgraph cluster_agent039 {
		label = agent039;
		var145 [style="filled"];
	}
	subgraph cluster_agent390 {
		label = agent390;
		var878 [style="filled"];
	}
	subgraph cluster_agent270 {
		label = agent270;
		var620 [style="filled"];
	}
	subgraph cluster_agent391 {
		label = agent391;
		var879 [style="filled"];
	}
	subgraph cluster_agent150 {
		label = agent150;
		var352 [style="filled"];
	}
	subgraph cluster_agent271 {
		label = agent271;
		var621 [style="filled"];
	}
	subgraph cluster_agent392 {
		label = agent392;
		var880 [style="filled"];
	}
	subgraph cluster_agent030 {
		label = agent030;
		var118 [style="filled"];
	}
	subgraph cluster_agent151 {
		label = agent151;
		var355 [style="filled"];
	}
	subgraph cluster_agent272 {
		label = agent272;
		var622 [style="filled"];
	}
	subgraph cluster_agent393 {
		label = agent393;
		var881 [style="filled"];
	}
	subgraph cluster_agent031 {
		label = agent031;
		var119 [style="filled"];
	}
	subgraph cluster_agent152 {
		label = agent152;
		var356 [style="filled"];
	}
	subgraph cluster_agent273 {
		label = agent273;
		var623 [style="filled"];
	}
	subgraph cluster_agent394 {
		label = agent394;
		var882 [style="filled"];
	}
	subgraph cluster_agent032 {
		label = agent032;
		var120 [style="filled"];
	}
	subgraph cluster_agent153 {
		label = agent153;
		var357 [style="filled"];
	}
	subgraph cluster_agent274 {
		label = agent274;
		var624 [style="filled"];
	}
	subgraph cluster_agent395 {
		label = agent395;
		var893 [style="filled"];
	}
	subgraph cluster_agent033 {
		label = agent033;
		var127 [style="filled"];
	}
	subgraph cluster_agent154 {
		label = agent154;
		var358 [style="filled"];
	}
	subgraph cluster_agent275 {
		label = agent275;
		var625 [style="filled"];
	}
	subgraph cluster_agent396 {
		label = agent396;
		var894 [style="filled"];
	}
	subgraph cluster_agent034 {
		label = agent034;
		var128 [style="filled"];
	}
	subgraph cluster_agent155 {
		label = agent155;
		var359 [style="filled"];
	}
	subgraph cluster_agent276 {
		label = agent276;
		var626 [style="filled"];
	}
	subgraph cluster_agent397 {
		label = agent397;
		var903 [style="filled"];
	}
	subgraph cluster_agent035 {
		label = agent035;
		var129 [style="filled"];
	}
	subgraph cluster_agent156 {
		label = agent156;
		var360 [style="filled"];
	}
	subgraph cluster_agent277 {
		label = agent277;
		var629 [style="filled"];
	}
	subgraph cluster_agent398 {
		label = agent398;
		var904 [style="filled"];
	}
	subgraph cluster_agent036 {
		label = agent036;
		var130 [style="filled"];
	}
	subgraph cluster_agent157 {
		label = agent157;
		var361 [style="filled"];
	}
	subgraph cluster_agent278 {
		label = agent278;
		var630 [style="filled"];
	}
	subgraph cluster_agent399 {
		label = agent399;
		var911 [style="filled"];
	}
	subgraph cluster_agent037 {
		label = agent037;
		var143 [style="filled"];
	}
	subgraph cluster_agent158 {
		label = agent158;
		var362 [style="filled"];
	}
	subgraph cluster_agent279 {
		label = agent279;
		var631 [style="filled"];
	}
	subgraph cluster_agent203 {
		label = agent203;
		var517 [style="filled"];
	}
	subgraph cluster_agent324 {
		label = agent324;
		var728 [style="filled"];
	}
	subgraph cluster_agent204 {
		label = agent204;
		var518 [style="filled"];
	}
	subgraph cluster_agent325 {
		label = agent325;
		var733 [style="filled"];
	}
	subgraph cluster_agent205 {
		label = agent205;
		var519 [style="filled"];
	}
	subgraph cluster_agent326 {
		label = agent326;
		var734 [style="filled"];
	}
	subgraph cluster_agent206 {
		label = agent206;
		var520 [style="filled"];
	}
	subgraph cluster_agent327 {
		label = agent327;
		var741 [style="filled"];
	}
	subgraph cluster_agent207 {
		label = agent207;
		var525 [style="filled"];
	}
	subgraph cluster_agent328 {
		label = agent328;
		var742 [style="filled"];
	}
	subgraph cluster_agent208 {
		label = agent208;
		var526 [style="filled"];
	}
	subgraph cluster_agent329 {
		label = agent329;
		var743 [style="filled"];
	}
	subgraph cluster_agent209 {
		label = agent209;
		var533 [style="filled"];
	}
	subgraph cluster_agent320 {
		label = agent320;
		var724 [style="filled"];
	}
	subgraph cluster_agent200 {
		label = agent200;
		var494 [style="filled"];
	}
	subgraph cluster_agent321 {
		label = agent321;
		var725 [style="filled"];
	}
	subgraph cluster_agent201 {
		label = agent201;
		var495 [style="filled"];
	}
	subgraph cluster_agent322 {
		label = agent322;
		var726 [style="filled"];
	}
	subgraph cluster_agent202 {
		label = agent202;
		var496 [style="filled"];
	}
	subgraph cluster_agent323 {
		label = agent323;
		var727 [style="filled"];
	}
	subgraph cluster_agent214 {
		label = agent214;
		var548 [style="filled"];
	}
	subgraph cluster_agent335 {
		label = agent335;
		var757 [style="filled"];
	}
	subgraph cluster_agent215 {
		label = agent215;
		var555 [style="filled"];
	}
	subgraph cluster_agent336 {
		label = agent336;
		var758 [style="filled"];
	}
	subgraph cluster_agent216 {
		label = agent216;
		var556 [style="filled"];
	}
	subgraph cluster_agent337 {
		label = agent337;
		var759 [style="filled"];
	}
	subgraph cluster_agent217 {
		label = agent217;
		var557 [style="filled"];
	}
	subgraph cluster_agent338 {
		label = agent338;
		var760 [style="filled"];
	}
	subgraph cluster_agent218 {
		label = agent218;
		var558 [style="filled"];
	}
	subgraph cluster_agent339 {
		label = agent339;
		var763 [style="filled"];
	}
	subgraph cluster_agent219 {
		label = agent219;
		var559 [style="filled"];
	}
	subgraph cluster_agent330 {
		label = agent330;
		var744 [style="filled"];
	}
	subgraph cluster_agent210 {
		label = agent210;
		var534 [style="filled"];
	}
	subgraph cluster_agent331 {
		label = agent331;
		var745 [style="filled"];
	}
	subgraph cluster_agent211 {
		label = agent211;
		var535 [style="filled"];
	}
	subgraph cluster_agent332 {
		label = agent332;
		var746 [style="filled"];
	}
	subgraph cluster_agent212 {
		label = agent212;
		var536 [style="filled"];
	}
	subgraph cluster_agent333 {
		label = agent333;
		var747 [style="filled"];
	}
	subgraph cluster_agent213 {
		label = agent213;
		var547 [style="filled"];
	}
	subgraph cluster_agent334 {
		label = agent334;
		var748 [style="filled"];
	}
	subgraph cluster_agent104 {
		label = agent104;
		var290 [style="filled"];
	}
	subgraph cluster_agent225 {
		label = agent225;
		var565 [style="filled"];
	}
	subgraph cluster_agent346 {
		label = agent346;
		var770 [style="filled"];
	}
	subgraph cluster_agent105 {
		label = agent105;
		var291 [style="filled"];
	}
	subgraph cluster_agent226 {
		label = agent226;
		var566 [style="filled"];
	}
	subgraph cluster_agent347 {
		label = agent347;
		var771 [style="filled"];
	}
	subgraph cluster_agent106 {
		label = agent106;
		var292 [style="filled"];
	}
	subgraph cluster_agent227 {
		label = agent227;
		var573 [style="filled"];
	}
	subgraph cluster_agent348 {
		label = agent348;
		var772 [style="filled"];
	}
	subgraph cluster_agent107 {
		label = agent107;
		var293 [style="filled"];
	}
	subgraph cluster_agent228 {
		label = agent228;
		var574 [style="filled"];
	}
	subgraph cluster_agent349 {
		label = agent349;
		var773 [style="filled"];
	}
	subgraph cluster_agent108 {
		label = agent108;
		var294 [style="filled"];
	}
	subgraph cluster_agent229 {
		label = agent229;
		var575 [style="filled"];
	}
	subgraph cluster_agent109 {
		label = agent109;
		var295 [style="filled"];
	}
	subgraph cluster_agent340 {
		label = agent340;
		var764 [style="filled"];
	}
	subgraph cluster_agent220 {
		label = agent220;
		var560 [style="filled"];
	}
	subgraph cluster_agent341 {
		label = agent341;
		var765 [style="filled"];
	}
	subgraph cluster_agent100 {
		label = agent100;
		var286 [style="filled"];
	}
	subgraph cluster_agent221 {
		label = agent221;
		var561 [style="filled"];
	}
	subgraph cluster_agent342 {
		label = agent342;
		var766 [style="filled"];
	}
	subgraph cluster_agent101 {
		label = agent101;
		var287 [style="filled"];
	}
	subgraph cluster_agent222 {
		label = agent222;
		var562 [style="filled"];
	}
	subgraph cluster_agent343 {
		label = agent343;
		var767 [style="filled"];
	}
	subgraph cluster_agent102 {
		label = agent102;
		var288 [style="filled"];
	}
	subgraph cluster_agent223 {
		label = agent223;
		var563 [style="filled"];
	}
	subgraph cluster_agent344 {
		label = agent344;
		var768 [style="filled"];
	}
	subgraph cluster_agent103 {
		label = agent103;
		var289 [style="filled"];
	}
	subgraph cluster_agent224 {
		label = agent224;
		var564 [style="filled"];
	}
	subgraph cluster_agent345 {
		label = agent345;
		var769 [style="filled"];
	}
	subgraph cluster_agent115 {
		label = agent115;
		var303 [style="filled"];
	}
	subgraph cluster_agent236 {
		label = agent236;
		var582 [style="filled"];
	}
	subgraph cluster_agent357 {
		label = agent357;
		var789 [style="filled"];
	}
	subgraph cluster_agent116 {
		label = agent116;
		var304 [style="filled"];
	}
	subgraph cluster_agent237 {
		label = agent237;
		var583 [style="filled"];
	}
	subgraph cluster_agent358 {
		label = agent358;
		var790 [style="filled"];
	}
	subgraph cluster_agent117 {
		label = agent117;
		var305 [style="filled"];
	}
	subgraph cluster_agent238 {
		label = agent238;
		var584 [style="filled"];
	}
	subgraph cluster_agent359 {
		label = agent359;
		var791 [style="filled"];
	}
	subgraph cluster_agent118 {
		label = agent118;
		var306 [style="filled"];
	}
	subgraph cluster_agent239 {
		label = agent239;
		var585 [style="filled"];
	}
	subgraph cluster_agent119 {
		label = agent119;
		var307 [style="filled"];
	}
	subgraph cluster_agent350 {
		label = agent350;
		var774 [style="filled"];
	}
	subgraph cluster_agent230 {
		label = agent230;
		var576 [style="filled"];
	}
	subgraph cluster_agent351 {
		label = agent351;
		var783 [style="filled"];
	}
	subgraph cluster_agent110 {
		label = agent110;
		var296 [style="filled"];
	}
	subgraph cluster_agent231 {
		label = agent231;
		var577 [style="filled"];
	}
	subgraph cluster_agent352 {
		label = agent352;
		var784 [style="filled"];
	}
	subgraph cluster_agent111 {
		label = agent111;
		var299 [style="filled"];
	}
	subgraph cluster_agent232 {
		label = agent232;
		var578 [style="filled"];
	}
	subgraph cluster_agent353 {
		label = agent353;
		var785 [style="filled"];
	}
	subgraph cluster_agent112 {
		label = agent112;
		var300 [style="filled"];
	}
	subgraph cluster_agent233 {
		label = agent233;
		var579 [style="filled"];
	}
	subgraph cluster_agent354 {
		label = agent354;
		var786 [style="filled"];
	}
	subgraph cluster_agent113 {
		label = agent113;
		var301 [style="filled"];
	}
	subgraph cluster_agent234 {
		label = agent234;
		var580 [style="filled"];
	}
	subgraph cluster_agent355 {
		label = agent355;
		var787 [style="filled"];
	}
	subgraph cluster_agent114 {
		label = agent114;
		var302 [style="filled"];
	}
	subgraph cluster_agent235 {
		label = agent235;
		var581 [style="filled"];
	}
	subgraph cluster_agent356 {
		label = agent356;
		var788 [style="filled"];
	}
	subgraph cluster_agent400 {
		label = agent400;
		var912 [style="filled"];
	}
	subgraph cluster_agent302 {
		label = agent302;
		var664 [style="filled"];
	}
	subgraph cluster_agent303 {
		label = agent303;
		var665 [style="filled"];
	}
	subgraph cluster_agent304 {
		label = agent304;
		var666 [style="filled"];
	}
	subgraph cluster_agent305 {
		label = agent305;
		var667 [style="filled"];
	}
	subgraph cluster_agent306 {
		label = agent306;
		var668 [style="filled"];
	}
	subgraph cluster_agent307 {
		label = agent307;
		var671 [style="filled"];
	}
	subgraph cluster_agent308 {
		label = agent308;
		var672 [style="filled"];
	}
	subgraph cluster_agent309 {
		label = agent309;
		var713 [style="filled"];
	}
	subgraph cluster_agent300 {
		label = agent300;
		var662 [style="filled"];
	}
	subgraph cluster_agent301 {
		label = agent301;
		var663 [style="filled"];
	}
	subgraph cluster_agent313 {
		label = agent313;
		var717 [style="filled"];
	}
	subgraph cluster_agent314 {
		label = agent314;
		var718 [style="filled"];
	}
	subgraph cluster_agent315 {
		label = agent315;
		var719 [style="filled"];
	}
	subgraph cluster_agent316 {
		label = agent316;
		var720 [style="filled"];
	}
	subgraph cluster_agent317 {
		label = agent317;
		var721 [style="filled"];
	}
	subgraph cluster_agent318 {
		label = agent318;
		var722 [style="filled"];
	}
	subgraph cluster_agent319 {
		label = agent319;
		var723 [style="filled"];
	}
	subgraph cluster_agent310 {
		label = agent310;
		var714 [style="filled"];
	}
	subgraph cluster_agent311 {
		label = agent311;
		var715 [style="filled"];
	}
	subgraph cluster_agent312 {
		label = agent312;
		var716 [style="filled"];
	}


	var194 -- var193;
	var194 -- var192;
	var194 -- var191;
	var193 -- var192;
	var193 -- var191;
	var192 -- var191;
	var184 -- var183;
	var184 -- var182;
	var184 -- var181;
	var184 -- var180;
	var184 -- var130;
	var184 -- var179;
	var184 -- var127;
	var184 -- var120;
	var184 -- var152;
	var184 -- var151;
	var184 -- var154;
	var184 -- var153;
	var184 -- var119;
	var184 -- var118;
	var184 -- var117;
	var183 -- var182;
	var183 -- var181;
	var183 -- var180;
	var183 -- var179;
	var183 -- var120;
	var183 -- var128;
	var183 -- var152;
	var183 -- var151;
	var183 -- var154;
	var183 -- var153;
	var183 -- var119;
	var183 -- var118;
	var183 -- var117;
	var182 -- var181;
	var182 -- var118;
	var181 -- var152;
	var181 -- var151;
	var181 -- var154;
	var181 -- var118;
	var180 -- var127;
	var180 -- var130;
	var180 -- var152;
	var180 -- var151;
	var180 -- var179;
	var180 -- var154;
	var180 -- var153;
	var180 -- var119;
	var180 -- var118;
	var180 -- var117;
	var295 -- var152;
	var295 -- var151;
	var295 -- var217;
	var294 -- var293;
	var292 -- var272;
	var292 -- var271;
	var292 -- var270;
	var292 -- var291;
	var292 -- var290;
	var292 -- var269;
	var292 -- var289;
	var291 -- var272;
	var291 -- var271;
	var291 -- var270;
	var291 -- var290;
	var291 -- var269;
	var291 -- var289;
	var290 -- var289;
	var179 -- var130;
	var179 -- var152;
	var179 -- var151;
	var179 -- var153;
	var179 -- var119;
	var179 -- var118;
	var179 -- var117;
	var299 -- var180;
	var299 -- var127;
	var299 -- var209;
	var299 -- var206;
	var299 -- var205;
	var299 -- var152;
	var299 -- var214;
	var299 -- var213;
	var299 -- var212;
	var299 -- var211;
	var299 -- var210;
	var296 -- var152;
	var296 -- var295;
	var296 -- var151;
	var296 -- var183;
	var284 -- var283;
	var284 -- var282;
	var284 -- var281;
	var284 -- var146;
	var284 -- var278;
	var284 -- var145;
	var284 -- var277;
	var284 -- var144;
	var284 -- var143;
	var283 -- var282;
	var283 -- var281;
	var283 -- var146;
	var283 -- var278;
	var283 -- var145;
	var283 -- var277;
	var283 -- var144;
	var283 -- var143;
	var282 -- var281;
	var282 -- var146;
	var282 -- var278;
	var282 -- var145;
	var282 -- var277;
	var282 -- var144;
	var282 -- var143;
	var281 -- var146;
	var281 -- var278;
	var281 -- var145;
	var281 -- var277;
	var281 -- var144;
	var281 -- var143;
	var288 -- var287;
	var286 -- var238;
	var286 -- var237;
	var286 -- var285;
	var285 -- var238;
	var152 -- var120;
	var152 -- var151;
	var152 -- var119;
	var152 -- var118;
	var273 -- var272;
	var273 -- var270;
	var273 -- var146;
	var273 -- var145;
	var273 -- var144;
	var273 -- var143;
	var151 -- var120;
	var151 -- var119;
	var151 -- var117;
	var272 -- var271;
	var272 -- var269;
	var271 -- var270;
	var270 -- var269;
	var158 -- var157;
	var158 -- var156;
	var158 -- var155;
	var157 -- var156;
	var157 -- var155;
	var278 -- var269;
	var278 -- var146;
	var278 -- var145;
	var278 -- var144;
	var278 -- var143;
	var278 -- var273;
	var278 -- var271;
	var278 -- var277;
	var278 -- var276;
	var278 -- var275;
	var156 -- var155;
	var277 -- var146;
	var277 -- var145;
	var277 -- var144;
	var277 -- var143;
	var277 -- var272;
	var277 -- var270;
	var277 -- var276;
	var277 -- var275;
	var277 -- var274;
	var398 -- var388;
	var398 -- var387;
	var398 -- var397;
	var276 -- var269;
	var276 -- var146;
	var276 -- var145;
	var276 -- var144;
	var276 -- var143;
	var276 -- var273;
	var276 -- var272;
	var276 -- var271;
	var276 -- var270;
	var276 -- var275;
	var397 -- var388;
	var397 -- var387;
	var154 -- var120;
	var154 -- var130;
	var154 -- var152;
	var154 -- var151;
	var154 -- var153;
	var154 -- var119;
	var275 -- var269;
	var275 -- var146;
	var275 -- var145;
	var275 -- var144;
	var275 -- var143;
	var275 -- var272;
	var275 -- var271;
	var275 -- var270;
	var275 -- var274;
	var153 -- var127;
	var153 -- var120;
	var153 -- var129;
	var153 -- var128;
	var153 -- var152;
	var153 -- var151;
	var153 -- var119;
	var274 -- var269;
	var274 -- var146;
	var274 -- var145;
	var274 -- var144;
	var274 -- var143;
	var274 -- var273;
	var274 -- var271;
	var24 -- var23;
	var828 -- var152;
	var828 -- var151;
	var828 -- var184;
	var828 -- var183;
	var828 -- var180;
	var828 -- var179;
	var828 -- var563;
	var828 -- var440;
	var828 -- var450;
	var828 -- var827;
	var828 -- var439;
	var828 -- var119;
	var828 -- var449;
	var828 -- var118;
	var828 -- var117;
	var828 -- var128;
	var827 -- var130;
	var827 -- var152;
	var827 -- var151;
	var827 -- var184;
	var827 -- var180;
	var827 -- var179;
	var827 -- var211;
	var827 -- var440;
	var827 -- var120;
	var827 -- var450;
	var827 -- var209;
	var827 -- var616;
	var827 -- var439;
	var827 -- var615;
	var827 -- var769;
	var827 -- var449;
	var827 -- var118;
	var827 -- var217;
	var827 -- var117;
	var826 -- var152;
	var826 -- var184;
	var826 -- var183;
	var826 -- var181;
	var826 -- var180;
	var826 -- var402;
	var826 -- var401;
	var826 -- var620;
	var826 -- var564;
	var826 -- var563;
	var826 -- var154;
	var826 -- var120;
	var826 -- var619;
	var826 -- var825;
	var826 -- var615;
	var826 -- var119;
	var826 -- var118;
	var826 -- var668;
	var826 -- var117;
	var826 -- var667;
	var825 -- var152;
	var825 -- var151;
	var825 -- var184;
	var825 -- var183;
	var825 -- var180;
	var825 -- var402;
	var825 -- var401;
	var825 -- var620;
	var825 -- var564;
	var825 -- var563;
	var825 -- var120;
	var825 -- var153;
	var825 -- var619;
	var825 -- var119;
	var825 -- var118;
	var825 -- var668;
	var825 -- var117;
	var825 -- var667;
	var829 -- var184;
	var829 -- var183;
	var829 -- var127;
	var829 -- var401;
	var829 -- var620;
	var829 -- var564;
	var829 -- var563;
	var829 -- var120;
	var829 -- var153;
	var829 -- var825;
	var829 -- var119;
	var829 -- var118;
	var829 -- var117;
	var829 -- var667;
	var16 -- var13;
	var16 -- var15;
	var14 -- var13;
	var15 -- var14;
	var817 -- var184;
	var817 -- var371;
	var817 -- var816;
	var817 -- var370;
	var817 -- var815;
	var817 -- var182;
	var817 -- var369;
	var817 -- var376;
	var817 -- var375;
	var816 -- var815;
	var818 -- var372;
	var818 -- var817;
	var818 -- var371;
	var818 -- var816;
	var818 -- var370;
	var818 -- var815;
	var818 -- var182;
	var818 -- var369;
	var818 -- var376;
	var818 -- var375;
	var49 -- var106;
	var49 -- var105;
	var802 -- var350;
	var802 -- var592;
	var802 -- var591;
	var802 -- var578;
	var802 -- var622;
	var802 -- var577;
	var802 -- var621;
	var802 -- var234;
	var802 -- var233;
	var802 -- var562;
	var802 -- var561;
	var802 -- var768;
	var802 -- var801;
	var802 -- var349;
	var802 -- var767;
	var802 -- var800;
	var802 -- var799;
	var801 -- var350;
	var801 -- var592;
	var801 -- var591;
	var801 -- var578;
	var801 -- var622;
	var801 -- var577;
	var801 -- var621;
	var801 -- var234;
	var801 -- var233;
	var801 -- var562;
	var801 -- var561;
	var801 -- var349;
	var801 -- var800;
	var801 -- var799;
	var800 -- var768;
	var800 -- var767;
	var800 -- var579;
	var800 -- var799;
	var800 -- var798;
	var800 -- var797;
	var912 -- var130;
	var912 -- var152;
	var912 -- var151;
	var912 -- var184;
	var912 -- var183;
	var912 -- var180;
	var912 -- var301;
	var912 -- var179;
	var912 -- var211;
	var912 -- var299;
	var912 -- var450;
	var912 -- var828;
	var912 -- var827;
	var912 -- var209;
	var912 -- var616;
	var912 -- var439;
	var912 -- var615;
	var912 -- var769;
	var912 -- var449;
	var912 -- var911;
	var912 -- var118;
	var912 -- var217;
	var912 -- var117;
	var911 -- var152;
	var911 -- var151;
	var911 -- var184;
	var911 -- var183;
	var911 -- var180;
	var911 -- var179;
	var911 -- var440;
	var911 -- var120;
	var911 -- var450;
	var911 -- var828;
	var911 -- var827;
	var911 -- var439;
	var911 -- var449;
	var911 -- var118;
	var911 -- var217;
	var911 -- var117;
	var911 -- var128;
	var904 -- var903;
	var904 -- var879;
	var904 -- var875;
	var904 -- var880;
	var903 -- var879;
	var903 -- var876;
	var903 -- var875;
	var903 -- var880;
	var303 -- var192;
	var303 -- var237;
	var303 -- var302;
	var303 -- var301;
	var303 -- var300;
	var303 -- var299;
	var303 -- var286;
	var303 -- var285;
	var303 -- var238;
	var666 -- var16;
	var666 -- var13;
	var666 -- var14;
	var666 -- var15;
	var666 -- var600;
	var666 -- var324;
	var666 -- var599;
	var666 -- var665;
	var666 -- var323;
	var666 -- var598;
	var666 -- var322;
	var666 -- var597;
	var666 -- var321;
	var666 -- var594;
	var666 -- var593;
	var666 -- var614;
	var666 -- var558;
	var666 -- var613;
	var666 -- var557;
	var787 -- var271;
	var787 -- var556;
	var787 -- var269;
	var787 -- var555;
	var787 -- var720;
	var787 -- var276;
	var787 -- var274;
	var787 -- var608;
	var787 -- var718;
	var787 -- var607;
	var302 -- var151;
	var302 -- var183;
	var302 -- var181;
	var302 -- var180;
	var302 -- var214;
	var302 -- var213;
	var302 -- var301;
	var302 -- var212;
	var302 -- var300;
	var302 -- var211;
	var302 -- var299;
	var302 -- var210;
	var302 -- var209;
	var302 -- var206;
	var302 -- var205;
	var665 -- var16;
	var665 -- var13;
	var665 -- var14;
	var665 -- var15;
	var665 -- var600;
	var665 -- var324;
	var665 -- var599;
	var665 -- var323;
	var665 -- var598;
	var665 -- var322;
	var665 -- var597;
	var665 -- var321;
	var665 -- var594;
	var665 -- var593;
	var665 -- var614;
	var665 -- var558;
	var665 -- var613;
	var665 -- var557;
	var786 -- var666;
	var786 -- var665;
	var786 -- var598;
	var786 -- var785;
	var786 -- var597;
	var786 -- var594;
	var786 -- var593;
	var786 -- var614;
	var786 -- var558;
	var786 -- var613;
	var786 -- var767;
	var786 -- var557;
	var301 -- var180;
	var301 -- var127;
	var301 -- var300;
	var301 -- var209;
	var301 -- var206;
	var301 -- var205;
	var301 -- var152;
	var301 -- var214;
	var301 -- var213;
	var301 -- var212;
	var301 -- var211;
	var301 -- var299;
	var301 -- var210;
	var664 -- var663;
	var785 -- var666;
	var785 -- var665;
	var785 -- var598;
	var785 -- var597;
	var785 -- var594;
	var785 -- var593;
	var785 -- var614;
	var785 -- var768;
	var785 -- var558;
	var785 -- var613;
	var785 -- var767;
	var785 -- var557;
	var300 -- var151;
	var300 -- var183;
	var300 -- var181;
	var300 -- var180;
	var300 -- var214;
	var300 -- var213;
	var300 -- var212;
	var300 -- var211;
	var300 -- var299;
	var300 -- var210;
	var300 -- var209;
	var300 -- var206;
	var300 -- var205;
	var784 -- var482;
	var784 -- var481;
	var784 -- var435;
	var784 -- var388;
	var784 -- var476;
	var784 -- var387;
	var784 -- var398;
	var784 -- var475;
	var784 -- var772;
	var784 -- var783;
	var784 -- var397;
	var784 -- var771;
	var784 -- var436;
	var662 -- var646;
	var662 -- var645;
	var662 -- var661;
	var783 -- var482;
	var783 -- var481;
	var783 -- var435;
	var783 -- var388;
	var783 -- var476;
	var783 -- var387;
	var783 -- var398;
	var783 -- var475;
	var783 -- var772;
	var783 -- var397;
	var783 -- var771;
	var783 -- var436;
	var661 -- var646;
	var661 -- var645;
	var309 -- var237;
	var309 -- var303;
	var309 -- var286;
	var309 -- var285;
	var309 -- var308;
	var309 -- var307;
	var309 -- var306;
	var309 -- var305;
	var309 -- var238;
	var309 -- var304;
	var308 -- var307;
	var306 -- var237;
	var306 -- var303;
	var306 -- var302;
	var306 -- var301;
	var306 -- var300;
	var306 -- var299;
	var306 -- var286;
	var306 -- var285;
	var306 -- var305;
	var306 -- var238;
	var306 -- var304;
	var548 -- var383;
	var548 -- var294;
	var548 -- var293;
	var548 -- var547;
	var548 -- var388;
	var548 -- var387;
	var548 -- var384;
	var305 -- var194;
	var305 -- var192;
	var305 -- var237;
	var305 -- var303;
	var305 -- var302;
	var305 -- var301;
	var305 -- var300;
	var305 -- var299;
	var305 -- var286;
	var305 -- var285;
	var305 -- var238;
	var305 -- var304;
	var547 -- var383;
	var547 -- var294;
	var547 -- var293;
	var547 -- var388;
	var547 -- var387;
	var547 -- var384;
	var668 -- var184;
	var668 -- var183;
	var668 -- var644;
	var668 -- var401;
	var668 -- var643;
	var668 -- var301;
	var668 -- var620;
	var668 -- var642;
	var668 -- var564;
	var668 -- var641;
	var668 -- var563;
	var668 -- var120;
	var668 -- var449;
	var668 -- var667;
	var668 -- var152;
	var668 -- var314;
	var668 -- var313;
	var668 -- var213;
	var668 -- var312;
	var668 -- var576;
	var668 -- var311;
	var668 -- var575;
	var668 -- var299;
	var668 -- var154;
	var668 -- var153;
	var668 -- var119;
	var668 -- var118;
	var668 -- var217;
	var668 -- var117;
	var789 -- var768;
	var789 -- var788;
	var789 -- var787;
	var304 -- var237;
	var304 -- var303;
	var304 -- var302;
	var304 -- var301;
	var304 -- var300;
	var304 -- var299;
	var304 -- var286;
	var304 -- var285;
	var304 -- var238;
	var667 -- var184;
	var667 -- var183;
	var667 -- var402;
	var667 -- var644;
	var667 -- var302;
	var667 -- var643;
	var667 -- var642;
	var667 -- var300;
	var667 -- var564;
	var667 -- var641;
	var667 -- var563;
	var667 -- var120;
	var667 -- var209;
	var667 -- var206;
	var667 -- var205;
	var667 -- var130;
	var667 -- var151;
	var667 -- var314;
	var667 -- var214;
	var667 -- var313;
	var667 -- var213;
	var667 -- var312;
	var667 -- var576;
	var667 -- var212;
	var667 -- var311;
	var667 -- var575;
	var667 -- var211;
	var667 -- var210;
	var667 -- var154;
	var667 -- var153;
	var667 -- var619;
	var667 -- var618;
	var667 -- var616;
	var667 -- var615;
	var667 -- var119;
	var667 -- var218;
	var667 -- var118;
	var667 -- var217;
	var667 -- var117;
	var788 -- var556;
	var788 -- var721;
	var788 -- var787;
	var788 -- var555;
	var788 -- var145;
	var788 -- var143;
	var788 -- var608;
	var788 -- var607;
	var788 -- var768;
	var788 -- var723;
	var534 -- var216;
	var534 -- var215;
	var534 -- var368;
	var534 -- var533;
	var534 -- var367;
	var534 -- var264;
	var534 -- var263;
	var533 -- var216;
	var533 -- var215;
	var533 -- var368;
	var533 -- var367;
	var654 -- var194;
	var654 -- var193;
	var654 -- var192;
	var654 -- var180;
	var654 -- var191;
	var654 -- var218;
	var654 -- var217;
	var654 -- var205;
	var654 -- var378;
	var654 -- var653;
	var654 -- var377;
	var653 -- var183;
	var653 -- var194;
	var653 -- var193;
	var653 -- var181;
	var653 -- var192;
	var653 -- var191;
	var653 -- var378;
	var653 -- var377;
	var653 -- var285;
	var653 -- var309;
	var653 -- var218;
	var653 -- var217;
	var774 -- var181;
	var774 -- var217;
	var774 -- var742;
	var774 -- var741;
	var774 -- var773;
	var652 -- var104;
	var652 -- var103;
	var652 -- var651;
	var652 -- var496;
	var652 -- var495;
	var773 -- var181;
	var773 -- var217;
	var773 -- var667;
	var773 -- var742;
	var773 -- var741;
	var894 -- var868;
	var894 -- var867;
	var894 -- var52;
	var894 -- var893;
	var894 -- var51;
	var651 -- var104;
	var651 -- var103;
	var651 -- var496;
	var651 -- var495;
	var772 -- var482;
	var772 -- var481;
	var772 -- var388;
	var772 -- var387;
	var772 -- var398;
	var772 -- var397;
	var772 -- var771;
	var893 -- var868;
	var893 -- var867;
	var893 -- var52;
	var893 -- var51;
	var771 -- var482;
	var771 -- var481;
	var771 -- var388;
	var771 -- var387;
	var771 -- var398;
	var771 -- var397;
	var770 -- var152;
	var770 -- var769;
	var770 -- var218;
	var770 -- var564;
	var770 -- var563;
	var770 -- var120;
	var770 -- var153;
	var536 -- var535;
	var536 -- var534;
	var536 -- var533;
	var535 -- var216;
	var535 -- var534;
	var535 -- var533;
	var402 -- var152;
	var402 -- var184;
	var402 -- var183;
	var402 -- var181;
	var402 -- var180;
	var402 -- var401;
	var402 -- var154;
	var402 -- var120;
	var402 -- var119;
	var402 -- var118;
	var402 -- var117;
	var644 -- var152;
	var644 -- var295;
	var644 -- var151;
	var644 -- var183;
	var644 -- var314;
	var644 -- var313;
	var644 -- var643;
	var644 -- var312;
	var644 -- var576;
	var644 -- var642;
	var644 -- var311;
	var644 -- var575;
	var644 -- var641;
	var644 -- var154;
	var644 -- var153;
	var644 -- var296;
	var765 -- var748;
	var765 -- var747;
	var765 -- var614;
	var765 -- var613;
	var401 -- var152;
	var401 -- var151;
	var401 -- var184;
	var401 -- var183;
	var401 -- var180;
	var401 -- var120;
	var401 -- var153;
	var401 -- var119;
	var401 -- var118;
	var401 -- var117;
	var643 -- var152;
	var643 -- var295;
	var643 -- var151;
	var643 -- var314;
	var643 -- var313;
	var643 -- var312;
	var643 -- var576;
	var643 -- var642;
	var643 -- var311;
	var643 -- var575;
	var643 -- var641;
	var643 -- var154;
	var643 -- var153;
	var643 -- var296;
	var764 -- var325;
	var764 -- var534;
	var764 -- var743;
	var764 -- var368;
	var764 -- var533;
	var764 -- var367;
	var764 -- var763;
	var764 -- var264;
	var764 -- var263;
	var764 -- var328;
	var764 -- var327;
	var764 -- var216;
	var764 -- var326;
	var764 -- var744;
	var642 -- var152;
	var642 -- var295;
	var642 -- var151;
	var642 -- var183;
	var642 -- var314;
	var642 -- var313;
	var642 -- var312;
	var642 -- var576;
	var642 -- var311;
	var642 -- var575;
	var642 -- var641;
	var642 -- var154;
	var642 -- var153;
	var642 -- var296;
	var763 -- var215;
	var763 -- var325;
	var763 -- var534;
	var763 -- var743;
	var763 -- var368;
	var763 -- var533;
	var763 -- var367;
	var763 -- var264;
	var763 -- var263;
	var763 -- var328;
	var763 -- var327;
	var763 -- var326;
	var763 -- var744;
	var520 -- var519;
	var641 -- var152;
	var641 -- var295;
	var641 -- var151;
	var641 -- var314;
	var641 -- var313;
	var641 -- var312;
	var641 -- var576;
	var641 -- var311;
	var641 -- var575;
	var641 -- var154;
	var641 -- var153;
	var641 -- var296;
	var640 -- var581;
	var640 -- var639;
	var640 -- var638;
	var640 -- var637;
	var640 -- var526;
	var640 -- var525;
	var640 -- var624;
	var640 -- var623;
	var640 -- var582;
	var882 -- var868;
	var882 -- var867;
	var882 -- var878;
	var882 -- var877;
	var882 -- var52;
	var882 -- var53;
	var882 -- var54;
	var882 -- var881;
	var882 -- var51;
	var760 -- var759;
	var760 -- var758;
	var760 -- var757;
	var760 -- var576;
	var760 -- var179;
	var760 -- var575;
	var881 -- var868;
	var881 -- var867;
	var881 -- var878;
	var881 -- var877;
	var881 -- var52;
	var881 -- var53;
	var881 -- var54;
	var881 -- var51;
	var880 -- var67;
	var880 -- var68;
	var880 -- var69;
	var880 -- var875;
	var880 -- var70;
	var880 -- var80;
	var880 -- var836;
	var880 -- var835;
	var880 -- var879;
	var880 -- var876;
	var406 -- var184;
	var406 -- var183;
	var406 -- var370;
	var406 -- var182;
	var406 -- var181;
	var406 -- var369;
	var406 -- var378;
	var406 -- var311;
	var406 -- var377;
	var406 -- var405;
	var769 -- var184;
	var769 -- var180;
	var769 -- var179;
	var769 -- var564;
	var769 -- var563;
	var769 -- var154;
	var769 -- var120;
	var769 -- var439;
	var769 -- var217;
	var405 -- var184;
	var405 -- var183;
	var405 -- var370;
	var405 -- var182;
	var405 -- var181;
	var405 -- var180;
	var405 -- var369;
	var405 -- var378;
	var405 -- var377;
	var405 -- var117;
	var526 -- var525;
	var768 -- var600;
	var768 -- var666;
	var768 -- var324;
	var768 -- var665;
	var768 -- var323;
	var768 -- var565;
	var768 -- var322;
	var768 -- var586;
	var768 -- var321;
	var768 -- var629;
	var768 -- var747;
	var768 -- var746;
	var768 -- var767;
	var768 -- var16;
	var768 -- var13;
	var768 -- var290;
	var768 -- var14;
	var768 -- var15;
	var768 -- var599;
	var768 -- var598;
	var768 -- var631;
	var768 -- var597;
	var768 -- var630;
	var768 -- var594;
	var768 -- var593;
	var768 -- var614;
	var768 -- var558;
	var768 -- var613;
	var768 -- var557;
	var646 -- var645;
	var646 -- var268;
	var646 -- var267;
	var646 -- var266;
	var646 -- var265;
	var767 -- var600;
	var767 -- var666;
	var767 -- var765;
	var767 -- var324;
	var767 -- var665;
	var767 -- var323;
	var767 -- var565;
	var767 -- var587;
	var767 -- var322;
	var767 -- var586;
	var767 -- var321;
	var767 -- var747;
	var767 -- var746;
	var767 -- var745;
	var767 -- var16;
	var767 -- var591;
	var767 -- var13;
	var767 -- var290;
	var767 -- var14;
	var767 -- var15;
	var767 -- var633;
	var767 -- var599;
	var767 -- var632;
	var767 -- var631;
	var767 -- var597;
	var767 -- var594;
	var767 -- var593;
	var767 -- var614;
	var767 -- var636;
	var767 -- var558;
	var767 -- var557;
	var767 -- var634;
	var645 -- var566;
	var645 -- var268;
	var645 -- var267;
	var645 -- var266;
	var645 -- var265;
	var766 -- var748;
	var766 -- var747;
	var766 -- var614;
	var766 -- var613;
	var766 -- var765;
	var633 -- var592;
	var633 -- var591;
	var633 -- var329;
	var633 -- var330;
	var633 -- var352;
	var633 -- var351;
	var632 -- var629;
	var632 -- var631;
	var632 -- var630;
	var632 -- var594;
	var632 -- var593;
	var631 -- var629;
	var631 -- var323;
	var631 -- var630;
	var631 -- var321;
	var631 -- var594;
	var631 -- var593;
	var630 -- var272;
	var630 -- var629;
	var630 -- var271;
	var630 -- var270;
	var630 -- var292;
	var630 -- var291;
	var630 -- var269;
	var518 -- var350;
	var518 -- var309;
	var518 -- var517;
	var518 -- var306;
	var518 -- var305;
	var518 -- var349;
	var518 -- var238;
	var518 -- var304;
	var518 -- var303;
	var518 -- var310;
	var518 -- var286;
	var639 -- var581;
	var639 -- var638;
	var639 -- var637;
	var639 -- var526;
	var639 -- var525;
	var639 -- var624;
	var639 -- var623;
	var639 -- var582;
	var517 -- var350;
	var517 -- var309;
	var517 -- var306;
	var517 -- var305;
	var517 -- var349;
	var517 -- var304;
	var517 -- var237;
	var517 -- var303;
	var517 -- var310;
	var517 -- var285;
	var638 -- var637;
	var638 -- var526;
	var759 -- var758;
	var759 -- var757;
	var759 -- var576;
	var759 -- var575;
	var637 -- var526;
	var637 -- var525;
	var758 -- var757;
	var758 -- var574;
	var758 -- var573;
	var879 -- var836;
	var879 -- var67;
	var879 -- var835;
	var879 -- var68;
	var879 -- var69;
	var879 -- var876;
	var879 -- var875;
	var879 -- var70;
	var636 -- var559;
	var636 -- var602;
	var636 -- var635;
	var636 -- var601;
	var636 -- var634;
	var636 -- var633;
	var636 -- var566;
	var636 -- var565;
	var636 -- var560;
	var757 -- var179;
	var757 -- var574;
	var757 -- var573;
	var878 -- var868;
	var878 -- var867;
	var878 -- var877;
	var878 -- var876;
	var878 -- var875;
	var635 -- var559;
	var635 -- var602;
	var635 -- var601;
	var635 -- var634;
	var635 -- var633;
	var635 -- var566;
	var635 -- var565;
	var635 -- var330;
	var635 -- var560;
	var877 -- var868;
	var877 -- var867;
	var877 -- var876;
	var877 -- var875;
	var634 -- var592;
	var634 -- var591;
	var634 -- var329;
	var634 -- var633;
	var634 -- var330;
	var634 -- var352;
	var634 -- var351;
	var876 -- var875;
	var67 -- var652;
	var67 -- var651;
	var68 -- var67;
	var68 -- var652;
	var68 -- var651;
	var69 -- var67;
	var69 -- var68;
	var69 -- var652;
	var69 -- var651;
	var622 -- var350;
	var622 -- var592;
	var622 -- var580;
	var622 -- var591;
	var622 -- var578;
	var622 -- var577;
	var622 -- var621;
	var622 -- var234;
	var622 -- var233;
	var622 -- var562;
	var622 -- var561;
	var622 -- var349;
	var622 -- var579;
	var743 -- var325;
	var743 -- var664;
	var743 -- var663;
	var743 -- var264;
	var743 -- var263;
	var743 -- var328;
	var743 -- var327;
	var743 -- var326;
	var621 -- var350;
	var621 -- var592;
	var621 -- var580;
	var621 -- var591;
	var621 -- var578;
	var621 -- var577;
	var621 -- var234;
	var621 -- var233;
	var621 -- var562;
	var621 -- var561;
	var621 -- var349;
	var621 -- var579;
	var742 -- var183;
	var742 -- var370;
	var742 -- var182;
	var742 -- var181;
	var742 -- var369;
	var742 -- var378;
	var742 -- var477;
	var742 -- var741;
	var742 -- var377;
	var742 -- var406;
	var742 -- var405;
	var620 -- var152;
	var620 -- var151;
	var620 -- var184;
	var620 -- var183;
	var620 -- var127;
	var620 -- var402;
	var620 -- var212;
	var620 -- var564;
	var620 -- var563;
	var620 -- var210;
	var620 -- var120;
	var620 -- var153;
	var620 -- var619;
	var620 -- var616;
	var620 -- var615;
	var620 -- var119;
	var620 -- var118;
	var620 -- var117;
	var741 -- var184;
	var741 -- var182;
	var741 -- var181;
	var741 -- var369;
	var741 -- var478;
	var741 -- var301;
	var741 -- var378;
	var741 -- var377;
	var741 -- var299;
	var741 -- var406;
	var741 -- var405;
	var741 -- var117;
	var629 -- var272;
	var629 -- var271;
	var629 -- var270;
	var629 -- var292;
	var629 -- var291;
	var629 -- var269;
	var748 -- var743;
	var748 -- var664;
	var748 -- var663;
	var748 -- var747;
	var748 -- var614;
	var748 -- var613;
	var748 -- var744;
	var626 -- var580;
	var626 -- var625;
	var626 -- var624;
	var626 -- var579;
	var626 -- var623;
	var626 -- var622;
	var626 -- var621;
	var747 -- var743;
	var747 -- var664;
	var747 -- var663;
	var747 -- var614;
	var747 -- var613;
	var747 -- var744;
	var868 -- var49;
	var868 -- var23;
	var868 -- var24;
	var868 -- var52;
	var868 -- var105;
	var868 -- var50;
	var868 -- var51;
	var868 -- var867;
	var868 -- var106;
	var625 -- var580;
	var625 -- var624;
	var625 -- var579;
	var625 -- var623;
	var625 -- var622;
	var625 -- var621;
	var746 -- var745;
	var746 -- var600;
	var746 -- var566;
	var746 -- var588;
	var746 -- var599;
	var746 -- var565;
	var746 -- var586;
	var746 -- var585;
	var867 -- var49;
	var867 -- var23;
	var867 -- var24;
	var867 -- var52;
	var867 -- var105;
	var867 -- var50;
	var867 -- var51;
	var867 -- var106;
	var624 -- var581;
	var624 -- var623;
	var624 -- var582;
	var745 -- var600;
	var745 -- var566;
	var745 -- var588;
	var745 -- var599;
	var745 -- var565;
	var745 -- var587;
	var745 -- var586;
	var745 -- var585;
	var623 -- var581;
	var744 -- var325;
	var744 -- var743;
	var744 -- var664;
	var744 -- var663;
	var744 -- var264;
	var744 -- var263;
	var744 -- var328;
	var744 -- var327;
	var744 -- var326;
	var52 -- var49;
	var52 -- var23;
	var52 -- var24;
	var52 -- var50;
	var52 -- var51;
	var53 -- var49;
	var53 -- var52;
	var53 -- var50;
	var53 -- var51;
	var54 -- var49;
	var54 -- var52;
	var54 -- var53;
	var54 -- var50;
	var54 -- var51;
	var50 -- var49;
	var50 -- var106;
	var50 -- var105;
	var51 -- var49;
	var51 -- var23;
	var51 -- var24;
	var51 -- var50;
	var619 -- var152;
	var619 -- var151;
	var619 -- var183;
	var619 -- var181;
	var619 -- var180;
	var619 -- var401;
	var619 -- var564;
	var619 -- var563;
	var619 -- var154;
	var619 -- var120;
	var619 -- var153;
	var619 -- var616;
	var619 -- var615;
	var619 -- var119;
	var619 -- var118;
	var619 -- var117;
	var618 -- var130;
	var618 -- var590;
	var618 -- var127;
	var618 -- var303;
	var618 -- var589;
	var618 -- var596;
	var618 -- var595;
	var618 -- var617;
	var618 -- var616;
	var618 -- var615;
	var618 -- var305;
	var618 -- var205;
	var617 -- var590;
	var617 -- var616;
	var617 -- var615;
	var617 -- var589;
	var617 -- var596;
	var617 -- var595;
	var616 -- var130;
	var616 -- var184;
	var616 -- var180;
	var616 -- var127;
	var616 -- var213;
	var616 -- var301;
	var616 -- var179;
	var616 -- var299;
	var616 -- var615;
	var616 -- var206;
	var616 -- var128;
	var616 -- var205;
	var615 -- var184;
	var615 -- var183;
	var615 -- var180;
	var615 -- var127;
	var615 -- var402;
	var615 -- var214;
	var615 -- var179;
	var615 -- var154;
	var615 -- var129;
	var615 -- var206;
	var615 -- var128;
	var614 -- var598;
	var614 -- var597;
	var614 -- var593;
	var614 -- var558;
	var614 -- var613;
	var614 -- var557;
	var613 -- var598;
	var613 -- var597;
	var613 -- var594;
	var613 -- var558;
	var613 -- var557;
	var734 -- var383;
	var734 -- var293;
	var734 -- var547;
	var734 -- var733;
	var734 -- var388;
	var734 -- var387;
	var734 -- var384;
	var733 -- var383;
	var733 -- var548;
	var733 -- var547;
	var733 -- var388;
	var733 -- var387;
	var733 -- var384;
	var85 -- var748;
	var85 -- var747;
	var85 -- var614;
	var85 -- var613;
	var85 -- var766;
	var85 -- var765;
	var85 -- var83;
	var85 -- var84;
	var600 -- var16;
	var600 -- var13;
	var600 -- var14;
	var600 -- var15;
	var600 -- var324;
	var600 -- var599;
	var600 -- var323;
	var600 -- var322;
	var600 -- var321;
	var600 -- var558;
	var600 -- var557;
	var721 -- var284;
	var721 -- var283;
	var721 -- var282;
	var721 -- var281;
	var721 -- var720;
	var721 -- var146;
	var721 -- var344;
	var721 -- var343;
	var721 -- var144;
	var721 -- var342;
	var721 -- var143;
	var721 -- var341;
	var721 -- var273;
	var721 -- var278;
	var721 -- var277;
	var721 -- var276;
	var721 -- var275;
	var721 -- var274;
	var721 -- var718;
	var721 -- var717;
	var721 -- var714;
	var721 -- var713;
	var721 -- var719;
	var86 -- var748;
	var86 -- var747;
	var86 -- var614;
	var86 -- var613;
	var86 -- var766;
	var86 -- var85;
	var86 -- var765;
	var86 -- var785;
	var86 -- var83;
	var86 -- var84;
	var720 -- var269;
	var720 -- var146;
	var720 -- var145;
	var720 -- var144;
	var720 -- var584;
	var720 -- var143;
	var720 -- var583;
	var720 -- var608;
	var720 -- var607;
	var720 -- var273;
	var720 -- var271;
	var720 -- var556;
	var720 -- var555;
	var720 -- var277;
	var720 -- var275;
	var720 -- var718;
	var720 -- var717;
	var720 -- var713;
	var720 -- var719;
	var81 -- var80;
	var81 -- var79;
	var81 -- var289;
	var82 -- var80;
	var82 -- var79;
	var82 -- var290;
	var82 -- var81;
	var83 -- var748;
	var83 -- var747;
	var83 -- var614;
	var83 -- var613;
	var83 -- var766;
	var83 -- var765;
	var84 -- var748;
	var84 -- var747;
	var84 -- var614;
	var84 -- var613;
	var84 -- var766;
	var84 -- var765;
	var84 -- var785;
	var84 -- var83;
	var608 -- var272;
	var608 -- var271;
	var608 -- var270;
	var608 -- var556;
	var608 -- var269;
	var608 -- var555;
	var608 -- var276;
	var608 -- var584;
	var608 -- var583;
	var608 -- var274;
	var608 -- var607;
	var607 -- var273;
	var607 -- var556;
	var607 -- var555;
	var607 -- var278;
	var607 -- var276;
	var607 -- var584;
	var607 -- var275;
	var607 -- var583;
	var607 -- var274;
	var728 -- var727;
	var728 -- var725;
	var728 -- var348;
	var728 -- var347;
	var728 -- var346;
	var728 -- var158;
	var728 -- var345;
	var728 -- var157;
	var728 -- var156;
	var728 -- var155;
	var728 -- var340;
	var606 -- var471;
	var606 -- var605;
	var606 -- var287;
	var606 -- var562;
	var606 -- var561;
	var606 -- var472;
	var727 -- var726;
	var727 -- var339;
	var727 -- var348;
	var727 -- var347;
	var727 -- var346;
	var727 -- var158;
	var727 -- var345;
	var727 -- var157;
	var727 -- var156;
	var727 -- var155;
	var605 -- var471;
	var605 -- var288;
	var605 -- var562;
	var605 -- var561;
	var605 -- var472;
	var726 -- var725;
	var726 -- var348;
	var726 -- var347;
	var726 -- var346;
	var726 -- var158;
	var726 -- var345;
	var726 -- var157;
	var726 -- var156;
	var726 -- var155;
	var726 -- var340;
	var604 -- var262;
	var604 -- var559;
	var604 -- var603;
	var604 -- var268;
	var604 -- var267;
	var604 -- var266;
	var604 -- var265;
	var604 -- var560;
	var725 -- var339;
	var725 -- var348;
	var725 -- var347;
	var725 -- var346;
	var725 -- var158;
	var725 -- var345;
	var725 -- var157;
	var725 -- var156;
	var725 -- var155;
	var603 -- var559;
	var603 -- var268;
	var603 -- var267;
	var603 -- var266;
	var603 -- var265;
	var603 -- var560;
	var724 -- var284;
	var724 -- var283;
	var724 -- var282;
	var724 -- var281;
	var724 -- var721;
	var724 -- var720;
	var724 -- var344;
	var724 -- var145;
	var724 -- var343;
	var724 -- var144;
	var724 -- var342;
	var724 -- var143;
	var724 -- var341;
	var724 -- var723;
	var724 -- var273;
	var724 -- var278;
	var724 -- var277;
	var724 -- var276;
	var724 -- var275;
	var724 -- var274;
	var724 -- var718;
	var724 -- var717;
	var724 -- var714;
	var724 -- var713;
	var724 -- var719;
	var602 -- var559;
	var602 -- var601;
	var602 -- var566;
	var602 -- var565;
	var602 -- var596;
	var602 -- var595;
	var602 -- var560;
	var723 -- var284;
	var723 -- var283;
	var723 -- var282;
	var723 -- var281;
	var723 -- var720;
	var723 -- var146;
	var723 -- var344;
	var723 -- var343;
	var723 -- var144;
	var723 -- var342;
	var723 -- var143;
	var723 -- var341;
	var723 -- var722;
	var723 -- var273;
	var723 -- var278;
	var723 -- var277;
	var723 -- var276;
	var723 -- var275;
	var723 -- var274;
	var723 -- var718;
	var723 -- var717;
	var723 -- var714;
	var723 -- var713;
	var723 -- var719;
	var601 -- var559;
	var601 -- var566;
	var601 -- var565;
	var601 -- var596;
	var601 -- var595;
	var601 -- var330;
	var601 -- var560;
	var722 -- var284;
	var722 -- var283;
	var722 -- var282;
	var722 -- var281;
	var722 -- var721;
	var722 -- var720;
	var722 -- var344;
	var722 -- var145;
	var722 -- var343;
	var722 -- var144;
	var722 -- var342;
	var722 -- var143;
	var722 -- var341;
	var722 -- var273;
	var722 -- var278;
	var722 -- var277;
	var722 -- var276;
	var722 -- var275;
	var722 -- var274;
	var722 -- var718;
	var722 -- var717;
	var722 -- var714;
	var722 -- var713;
	var722 -- var719;
	var79 -- var53;
	var830 -- var152;
	var830 -- var183;
	var830 -- var180;
	var830 -- var402;
	var830 -- var564;
	var830 -- var563;
	var830 -- var154;
	var830 -- var120;
	var830 -- var619;
	var830 -- var826;
	var830 -- var825;
	var830 -- var119;
	var830 -- var118;
	var830 -- var668;
	var830 -- var117;
	var830 -- var829;
	var70 -- var67;
	var70 -- var68;
	var70 -- var69;
	var70 -- var652;
	var70 -- var651;
	var718 -- var269;
	var718 -- var146;
	var718 -- var145;
	var718 -- var144;
	var718 -- var584;
	var718 -- var143;
	var718 -- var583;
	var718 -- var607;
	var718 -- var273;
	var718 -- var272;
	var718 -- var271;
	var718 -- var270;
	var718 -- var556;
	var718 -- var555;
	var718 -- var278;
	var718 -- var277;
	var718 -- var276;
	var718 -- var275;
	var718 -- var274;
	var718 -- var717;
	var718 -- var714;
	var718 -- var713;
	var717 -- var269;
	var717 -- var146;
	var717 -- var145;
	var717 -- var144;
	var717 -- var584;
	var717 -- var143;
	var717 -- var583;
	var717 -- var607;
	var717 -- var273;
	var717 -- var272;
	var717 -- var271;
	var717 -- var270;
	var717 -- var556;
	var717 -- var555;
	var717 -- var278;
	var717 -- var277;
	var717 -- var276;
	var717 -- var275;
	var717 -- var274;
	var717 -- var714;
	var717 -- var713;
	var838 -- var837;
	var838 -- var836;
	var838 -- var835;
	var716 -- var152;
	var716 -- var295;
	var716 -- var151;
	var716 -- var183;
	var716 -- var715;
	var716 -- var644;
	var716 -- var643;
	var716 -- var642;
	var716 -- var641;
	var716 -- var296;
	var837 -- var836;
	var837 -- var835;
	var80 -- var790;
	var80 -- var79;
	var80 -- var53;
	var715 -- var152;
	var715 -- var295;
	var715 -- var151;
	var715 -- var217;
	var715 -- var644;
	var715 -- var643;
	var715 -- var642;
	var715 -- var641;
	var715 -- var296;
	var836 -- var67;
	var836 -- var835;
	var836 -- var68;
	var836 -- var69;
	var836 -- var652;
	var836 -- var70;
	var836 -- var651;
	var714 -- var284;
	var714 -- var283;
	var714 -- var282;
	var714 -- var281;
	var714 -- var269;
	var714 -- var146;
	var714 -- var344;
	var714 -- var145;
	var714 -- var343;
	var714 -- var144;
	var714 -- var342;
	var714 -- var584;
	var714 -- var143;
	var714 -- var341;
	var714 -- var583;
	var714 -- var607;
	var714 -- var273;
	var714 -- var271;
	var714 -- var556;
	var714 -- var555;
	var714 -- var277;
	var714 -- var276;
	var714 -- var275;
	var714 -- var713;
	var835 -- var67;
	var835 -- var68;
	var835 -- var69;
	var835 -- var652;
	var835 -- var70;
	var835 -- var651;
	var713 -- var284;
	var713 -- var283;
	var713 -- var282;
	var713 -- var281;
	var713 -- var146;
	var713 -- var344;
	var713 -- var145;
	var713 -- var343;
	var713 -- var144;
	var713 -- var342;
	var713 -- var584;
	var713 -- var143;
	var713 -- var341;
	var713 -- var583;
	var713 -- var272;
	var713 -- var270;
	var713 -- var556;
	var713 -- var555;
	var713 -- var278;
	var713 -- var276;
	var713 -- var275;
	var713 -- var274;
	var719 -- var272;
	var719 -- var270;
	var719 -- var556;
	var719 -- var555;
	var719 -- var146;
	var719 -- var278;
	var719 -- var145;
	var719 -- var144;
	var719 -- var276;
	var719 -- var584;
	var719 -- var143;
	var719 -- var583;
	var719 -- var274;
	var719 -- var718;
	var719 -- var607;
	var719 -- var717;
	var719 -- var714;
	var262 -- var261;
	var383 -- var293;
	var268 -- var267;
	var268 -- var266;
	var268 -- var265;
	var146 -- var145;
	var146 -- var144;
	var146 -- var143;
	var267 -- var266;
	var267 -- var265;
	var388 -- var383;
	var388 -- var294;
	var388 -- var387;
	var388 -- var384;
	var145 -- var144;
	var145 -- var143;
	var266 -- var265;
	var387 -- var383;
	var387 -- var384;
	var144 -- var143;
	var264 -- var215;
	var264 -- var263;
	var264 -- var216;
	var263 -- var215;
	var263 -- var216;
	var384 -- var383;
	var384 -- var294;
	var384 -- var293;
	var130 -- var127;
	var130 -- var129;
	var130 -- var128;
	var372 -- var371;
	var372 -- var370;
	var372 -- var369;
	var493 -- var492;
	var493 -- var491;
	var493 -- var23;
	var493 -- var24;
	var371 -- var370;
	var371 -- var369;
	var492 -- var491;
	var492 -- var23;
	var492 -- var24;
	var370 -- var184;
	var370 -- var183;
	var370 -- var182;
	var370 -- var181;
	var370 -- var369;
	var491 -- var23;
	var491 -- var24;
	var378 -- var184;
	var378 -- var183;
	var378 -- var370;
	var378 -- var182;
	var378 -- var181;
	var378 -- var369;
	var378 -- var377;
	var378 -- var218;
	var378 -- var217;
	var377 -- var184;
	var377 -- var183;
	var377 -- var370;
	var377 -- var182;
	var377 -- var181;
	var377 -- var369;
	var377 -- var218;
	var377 -- var217;
	var376 -- var372;
	var376 -- var371;
	var376 -- var194;
	var376 -- var370;
	var376 -- var182;
	var376 -- var193;
	var376 -- var192;
	var376 -- var191;
	var376 -- var369;
	var376 -- var375;
	var375 -- var372;
	var375 -- var371;
	var375 -- var194;
	var375 -- var370;
	var375 -- var193;
	var375 -- var192;
	var375 -- var191;
	var375 -- var369;
	var496 -- var104;
	var496 -- var103;
	var496 -- var495;
	var495 -- var104;
	var495 -- var103;
	var494 -- var493;
	var494 -- var492;
	var494 -- var491;
	var494 -- var23;
	var494 -- var24;
	var361 -- var358;
	var361 -- var357;
	var482 -- var481;
	var482 -- var435;
	var482 -- var388;
	var482 -- var476;
	var482 -- var387;
	var482 -- var398;
	var482 -- var475;
	var482 -- var397;
	var482 -- var436;
	var360 -- var325;
	var360 -- var356;
	var360 -- var355;
	var360 -- var263;
	var360 -- var327;
	var360 -- var216;
	var360 -- var359;
	var481 -- var435;
	var481 -- var388;
	var481 -- var476;
	var481 -- var387;
	var481 -- var398;
	var481 -- var475;
	var481 -- var397;
	var481 -- var436;
	var369 -- var184;
	var369 -- var183;
	var369 -- var182;
	var369 -- var181;
	var368 -- var360;
	var368 -- var356;
	var368 -- var367;
	var368 -- var355;
	var368 -- var366;
	var368 -- var365;
	var368 -- var364;
	var368 -- var363;
	var368 -- var216;
	var368 -- var359;
	var367 -- var360;
	var367 -- var215;
	var367 -- var325;
	var367 -- var356;
	var367 -- var355;
	var367 -- var366;
	var367 -- var365;
	var367 -- var364;
	var367 -- var363;
	var367 -- var327;
	var367 -- var216;
	var367 -- var359;
	var366 -- var360;
	var366 -- var215;
	var366 -- var325;
	var366 -- var356;
	var366 -- var355;
	var366 -- var365;
	var366 -- var364;
	var366 -- var363;
	var366 -- var263;
	var366 -- var327;
	var366 -- var216;
	var366 -- var359;
	var365 -- var360;
	var365 -- var328;
	var365 -- var326;
	var365 -- var359;
	var365 -- var356;
	var365 -- var355;
	var365 -- var364;
	var365 -- var363;
	var364 -- var361;
	var364 -- var360;
	var364 -- var356;
	var364 -- var355;
	var364 -- var363;
	var364 -- var362;
	var364 -- var328;
	var364 -- var216;
	var364 -- var326;
	var364 -- var359;
	var363 -- var361;
	var363 -- var360;
	var363 -- var215;
	var363 -- var325;
	var363 -- var356;
	var363 -- var355;
	var363 -- var362;
	var363 -- var327;
	var363 -- var216;
	var363 -- var359;
	var120 -- var119;
	var120 -- var118;
	var120 -- var117;
	var362 -- var361;
	var362 -- var358;
	var362 -- var357;
	var129 -- var128;
	var129 -- var127;
	var128 -- var127;
	var128 -- var118;
	var350 -- var237;
	var350 -- var234;
	var350 -- var233;
	var350 -- var349;
	var350 -- var238;
	var471 -- var288;
	var592 -- var350;
	var592 -- var591;
	var592 -- var578;
	var592 -- var577;
	var592 -- var234;
	var592 -- var233;
	var592 -- var562;
	var592 -- var330;
	var592 -- var352;
	var592 -- var561;
	var592 -- var351;
	var592 -- var329;
	var592 -- var349;
	var591 -- var350;
	var591 -- var577;
	var591 -- var234;
	var591 -- var233;
	var591 -- var562;
	var591 -- var330;
	var591 -- var352;
	var591 -- var561;
	var591 -- var351;
	var591 -- var329;
	var591 -- var349;
	var590 -- var589;
	var358 -- var357;
	var236 -- var235;
	var236 -- var234;
	var236 -- var233;
	var478 -- var184;
	var478 -- var183;
	var478 -- var194;
	var478 -- var370;
	var478 -- var182;
	var478 -- var193;
	var478 -- var181;
	var478 -- var192;
	var478 -- var191;
	var478 -- var314;
	var478 -- var369;
	var478 -- var312;
	var478 -- var378;
	var478 -- var477;
	var478 -- var377;
	var478 -- var376;
	var478 -- var375;
	var478 -- var406;
	var478 -- var405;
	var599 -- var16;
	var599 -- var13;
	var599 -- var14;
	var599 -- var15;
	var599 -- var324;
	var599 -- var323;
	var599 -- var322;
	var599 -- var321;
	var599 -- var558;
	var599 -- var557;
	var235 -- var234;
	var235 -- var233;
	var356 -- var215;
	var356 -- var355;
	var356 -- var328;
	var356 -- var216;
	var356 -- var326;
	var477 -- var184;
	var477 -- var183;
	var477 -- var194;
	var477 -- var370;
	var477 -- var182;
	var477 -- var193;
	var477 -- var181;
	var477 -- var192;
	var477 -- var191;
	var477 -- var369;
	var477 -- var378;
	var477 -- var377;
	var477 -- var376;
	var477 -- var375;
	var477 -- var406;
	var477 -- var405;
	var598 -- var520;
	var598 -- var597;
	var598 -- var594;
	var598 -- var593;
	var598 -- var519;
	var598 -- var558;
	var598 -- var557;
	var234 -- var233;
	var355 -- var215;
	var355 -- var328;
	var355 -- var216;
	var355 -- var326;
	var476 -- var360;
	var476 -- var359;
	var476 -- var436;
	var476 -- var435;
	var476 -- var475;
	var597 -- var520;
	var597 -- var594;
	var597 -- var593;
	var597 -- var519;
	var597 -- var558;
	var597 -- var557;
	var475 -- var360;
	var475 -- var359;
	var475 -- var436;
	var475 -- var435;
	var596 -- var590;
	var596 -- var589;
	var596 -- var595;
	var595 -- var590;
	var595 -- var589;
	var352 -- var329;
	var352 -- var236;
	var352 -- var235;
	var352 -- var330;
	var352 -- var351;
	var594 -- var323;
	var594 -- var321;
	var594 -- var593;
	var594 -- var558;
	var594 -- var557;
	var351 -- var329;
	var351 -- var236;
	var351 -- var235;
	var351 -- var330;
	var472 -- var471;
	var472 -- var287;
	var593 -- var558;
	var593 -- var557;
	var119 -- var118;
	var119 -- var117;
	var118 -- var117;
	var238 -- var237;
	var359 -- var215;
	var359 -- var356;
	var359 -- var355;
	var359 -- var264;
	var359 -- var216;
	var580 -- var579;
	var105 -- var104;
	var105 -- var103;
	var347 -- var346;
	var347 -- var158;
	var347 -- var345;
	var347 -- var157;
	var347 -- var344;
	var347 -- var156;
	var347 -- var343;
	var347 -- var155;
	var347 -- var342;
	var347 -- var341;
	var347 -- var340;
	var347 -- var339;
	var104 -- var103;
	var346 -- var158;
	var346 -- var345;
	var346 -- var157;
	var346 -- var344;
	var346 -- var156;
	var346 -- var343;
	var346 -- var155;
	var346 -- var342;
	var346 -- var341;
	var346 -- var340;
	var346 -- var339;
	var588 -- var566;
	var588 -- var565;
	var588 -- var587;
	var588 -- var586;
	var588 -- var585;
	var345 -- var158;
	var345 -- var157;
	var345 -- var344;
	var345 -- var156;
	var345 -- var343;
	var345 -- var155;
	var345 -- var342;
	var345 -- var341;
	var345 -- var340;
	var345 -- var339;
	var587 -- var566;
	var587 -- var565;
	var587 -- var586;
	var587 -- var585;
	var344 -- var284;
	var344 -- var283;
	var344 -- var282;
	var344 -- var146;
	var344 -- var145;
	var344 -- var343;
	var344 -- var144;
	var344 -- var143;
	var344 -- var341;
	var344 -- var158;
	var344 -- var157;
	var344 -- var278;
	var344 -- var156;
	var344 -- var277;
	var344 -- var155;
	var586 -- var566;
	var586 -- var268;
	var586 -- var565;
	var586 -- var266;
	var586 -- var585;
	var343 -- var284;
	var343 -- var283;
	var343 -- var281;
	var343 -- var146;
	var343 -- var145;
	var343 -- var144;
	var343 -- var342;
	var343 -- var143;
	var343 -- var158;
	var343 -- var157;
	var343 -- var278;
	var343 -- var156;
	var343 -- var277;
	var343 -- var155;
	var585 -- var566;
	var585 -- var565;
	var342 -- var284;
	var342 -- var283;
	var342 -- var282;
	var342 -- var146;
	var342 -- var145;
	var342 -- var144;
	var342 -- var143;
	var342 -- var341;
	var342 -- var158;
	var342 -- var157;
	var342 -- var278;
	var342 -- var156;
	var342 -- var277;
	var342 -- var155;
	var584 -- var273;
	var584 -- var284;
	var584 -- var272;
	var584 -- var271;
	var584 -- var270;
	var584 -- var556;
	var584 -- var269;
	var584 -- var555;
	var584 -- var278;
	var584 -- var277;
	var584 -- var276;
	var584 -- var275;
	var584 -- var583;
	var584 -- var274;
	var341 -- var284;
	var341 -- var283;
	var341 -- var281;
	var341 -- var146;
	var341 -- var145;
	var341 -- var144;
	var341 -- var143;
	var341 -- var158;
	var341 -- var157;
	var341 -- var278;
	var341 -- var156;
	var341 -- var277;
	var341 -- var155;
	var583 -- var273;
	var583 -- var272;
	var583 -- var271;
	var583 -- var270;
	var583 -- var556;
	var583 -- var269;
	var583 -- var555;
	var583 -- var278;
	var583 -- var277;
	var583 -- var276;
	var583 -- var275;
	var583 -- var274;
	var340 -- var339;
	var340 -- var158;
	var340 -- var157;
	var340 -- var156;
	var340 -- var155;
	var582 -- var581;
	var349 -- var237;
	var349 -- var234;
	var349 -- var233;
	var349 -- var238;
	var106 -- var105;
	var106 -- var104;
	var106 -- var103;
	var348 -- var347;
	var348 -- var346;
	var348 -- var158;
	var348 -- var345;
	var348 -- var157;
	var348 -- var344;
	var348 -- var156;
	var348 -- var343;
	var348 -- var155;
	var348 -- var342;
	var348 -- var341;
	var348 -- var340;
	var348 -- var339;
	var578 -- var350;
	var578 -- var349;
	var578 -- var577;
	var578 -- var233;
	var578 -- var562;
	var214 -- var184;
	var214 -- var183;
	var214 -- var181;
	var214 -- var180;
	var214 -- var213;
	var214 -- var212;
	var214 -- var211;
	var214 -- var210;
	var214 -- var154;
	var214 -- var209;
	var214 -- var129;
	var214 -- var128;
	var214 -- var205;
	var577 -- var350;
	var577 -- var349;
	var577 -- var234;
	var577 -- var561;
	var213 -- var130;
	var213 -- var127;
	var213 -- var212;
	var213 -- var211;
	var213 -- var210;
	var213 -- var154;
	var213 -- var209;
	var213 -- var206;
	var213 -- var128;
	var576 -- var314;
	var576 -- var313;
	var576 -- var311;
	var576 -- var575;
	var576 -- var154;
	var576 -- var153;
	var212 -- var152;
	var212 -- var151;
	var212 -- var184;
	var212 -- var183;
	var212 -- var180;
	var212 -- var211;
	var212 -- var210;
	var212 -- var154;
	var212 -- var153;
	var212 -- var209;
	var212 -- var206;
	var212 -- var205;
	var575 -- var314;
	var575 -- var313;
	var575 -- var312;
	var575 -- var154;
	var575 -- var153;
	var211 -- var184;
	var211 -- var183;
	var211 -- var181;
	var211 -- var180;
	var211 -- var209;
	var211 -- var206;
	var211 -- var205;
	var211 -- var152;
	var211 -- var151;
	var211 -- var179;
	var211 -- var210;
	var211 -- var154;
	var211 -- var153;
	var211 -- var119;
	var574 -- var573;
	var210 -- var152;
	var210 -- var151;
	var210 -- var184;
	var210 -- var183;
	var210 -- var180;
	var210 -- var154;
	var210 -- var153;
	var210 -- var209;
	var210 -- var206;
	var210 -- var205;
	var330 -- var329;
	var450 -- var151;
	var450 -- var184;
	var450 -- var183;
	var450 -- var180;
	var450 -- var179;
	var450 -- var440;
	var450 -- var406;
	var450 -- var439;
	var450 -- var119;
	var450 -- var405;
	var450 -- var449;
	var450 -- var117;
	var218 -- var152;
	var218 -- var151;
	var218 -- var184;
	var218 -- var183;
	var218 -- var180;
	var218 -- var212;
	var218 -- var210;
	var218 -- var154;
	var218 -- var120;
	var218 -- var153;
	var218 -- var119;
	var218 -- var118;
	var218 -- var217;
	var218 -- var117;
	var339 -- var158;
	var339 -- var157;
	var339 -- var156;
	var339 -- var155;
	var217 -- var184;
	var217 -- var183;
	var217 -- var181;
	var217 -- var180;
	var217 -- var120;
	var217 -- var209;
	var217 -- var152;
	var217 -- var151;
	var217 -- var179;
	var217 -- var211;
	var217 -- var154;
	var217 -- var153;
	var217 -- var119;
	var217 -- var117;
	var216 -- var215;
	var325 -- var215;
	var325 -- var264;
	var325 -- var263;
	var325 -- var216;
	var324 -- var13;
	var324 -- var15;
	var324 -- var323;
	var324 -- var321;
	var566 -- var565;
	var566 -- var330;
	var566 -- var560;
	var566 -- var559;
	var323 -- var16;
	var323 -- var14;
	var323 -- var322;
	var565 -- var560;
	var565 -- var559;
	var322 -- var13;
	var322 -- var15;
	var322 -- var321;
	var564 -- var183;
	var564 -- var402;
	var564 -- var401;
	var564 -- var563;
	var564 -- var154;
	var564 -- var120;
	var564 -- var218;
	var564 -- var118;
	var564 -- var117;
	var321 -- var16;
	var321 -- var14;
	var563 -- var184;
	var563 -- var183;
	var563 -- var402;
	var563 -- var401;
	var563 -- var120;
	var563 -- var151;
	var563 -- var179;
	var563 -- var153;
	var563 -- var119;
	var563 -- var118;
	var563 -- var217;
	var563 -- var117;
	var562 -- var350;
	var562 -- var234;
	var562 -- var561;
	var562 -- var349;
	var440 -- var152;
	var440 -- var184;
	var440 -- var183;
	var440 -- var182;
	var440 -- var181;
	var440 -- var180;
	var440 -- var179;
	var440 -- var120;
	var440 -- var439;
	var440 -- var118;
	var561 -- var350;
	var561 -- var233;
	var561 -- var349;
	var560 -- var268;
	var560 -- var267;
	var560 -- var266;
	var560 -- var265;
	var560 -- var559;
	var209 -- var184;
	var209 -- var183;
	var209 -- var181;
	var209 -- var180;
	var209 -- var206;
	var209 -- var205;
	var209 -- var152;
	var209 -- var151;
	var209 -- var179;
	var209 -- var154;
	var209 -- var153;
	var209 -- var119;
	var328 -- var215;
	var328 -- var325;
	var328 -- var264;
	var328 -- var263;
	var328 -- var327;
	var328 -- var216;
	var328 -- var326;
	var449 -- var152;
	var449 -- var184;
	var449 -- var183;
	var449 -- var182;
	var449 -- var181;
	var449 -- var180;
	var449 -- var179;
	var449 -- var440;
	var449 -- var120;
	var449 -- var406;
	var449 -- var439;
	var449 -- var405;
	var449 -- var118;
	var449 -- var128;
	var206 -- var181;
	var206 -- var180;
	var206 -- var127;
	var206 -- var153;
	var206 -- var129;
	var206 -- var128;
	var206 -- var205;
	var327 -- var215;
	var327 -- var325;
	var327 -- var264;
	var327 -- var263;
	var327 -- var216;
	var327 -- var326;
	var205 -- var130;
	var205 -- var127;
	var205 -- var154;
	var205 -- var128;
	var326 -- var215;
	var326 -- var325;
	var326 -- var264;
	var326 -- var263;
	var326 -- var216;
	var790 -- var768;
	var790 -- var767;
	var790 -- var789;
	var790 -- var788;
	var790 -- var787;
	var790 -- var289;
	var314 -- var183;
	var314 -- var182;
	var314 -- var181;
	var314 -- var313;
	var314 -- var311;
	var314 -- var310;
	var314 -- var154;
	var314 -- var153;
	var314 -- var309;
	var314 -- var308;
	var314 -- var307;
	var435 -- var262;
	var435 -- var261;
	var556 -- var273;
	var556 -- var272;
	var556 -- var271;
	var556 -- var270;
	var556 -- var269;
	var556 -- var555;
	var556 -- var278;
	var556 -- var277;
	var556 -- var276;
	var556 -- var275;
	var556 -- var274;
	var798 -- var768;
	var798 -- var797;
	var798 -- var796;
	var798 -- var795;
	var313 -- var184;
	var313 -- var183;
	var313 -- var182;
	var313 -- var181;
	var313 -- var312;
	var313 -- var310;
	var313 -- var154;
	var313 -- var153;
	var313 -- var309;
	var313 -- var308;
	var313 -- var307;
	var555 -- var273;
	var555 -- var272;
	var555 -- var271;
	var555 -- var270;
	var555 -- var269;
	var555 -- var278;
	var555 -- var277;
	var555 -- var276;
	var555 -- var275;
	var555 -- var274;
	var797 -- var796;
	var797 -- var795;
	var312 -- var183;
	var312 -- var182;
	var312 -- var181;
	var312 -- var311;
	var312 -- var310;
	var312 -- var154;
	var312 -- var153;
	var312 -- var309;
	var312 -- var308;
	var312 -- var307;
	var796 -- var795;
	var796 -- var794;
	var796 -- var793;
	var311 -- var184;
	var311 -- var183;
	var311 -- var182;
	var311 -- var181;
	var311 -- var310;
	var311 -- var154;
	var311 -- var153;
	var311 -- var309;
	var311 -- var308;
	var311 -- var307;
	var795 -- var767;
	var795 -- var794;
	var795 -- var793;
	var310 -- var237;
	var310 -- var303;
	var310 -- var286;
	var310 -- var285;
	var310 -- var309;
	var310 -- var308;
	var310 -- var307;
	var310 -- var306;
	var310 -- var305;
	var310 -- var238;
	var310 -- var304;
	var794 -- var767;
	var794 -- var793;
	var794 -- var792;
	var794 -- var791;
	var672 -- var306;
	var672 -- var305;
	var672 -- var304;
	var672 -- var303;
	var672 -- var302;
	var672 -- var301;
	var672 -- var300;
	var672 -- var299;
	var672 -- var671;
	var793 -- var768;
	var793 -- var767;
	var793 -- var792;
	var793 -- var791;
	var671 -- var306;
	var671 -- var305;
	var671 -- var304;
	var671 -- var303;
	var671 -- var302;
	var671 -- var301;
	var671 -- var300;
	var671 -- var299;
	var792 -- var790;
	var792 -- var768;
	var792 -- var767;
	var792 -- var789;
	var792 -- var791;
	var791 -- var790;
	var791 -- var767;
	var791 -- var789;
	var439 -- var151;
	var439 -- var184;
	var439 -- var183;
	var439 -- var180;
	var439 -- var179;
	var439 -- var217;
	var439 -- var117;
	var559 -- var268;
	var559 -- var267;
	var559 -- var266;
	var559 -- var265;
	var558 -- var16;
	var558 -- var13;
	var558 -- var14;
	var558 -- var15;
	var558 -- var324;
	var558 -- var323;
	var558 -- var322;
	var558 -- var321;
	var558 -- var557;
	var436 -- var262;
	var436 -- var261;
	var436 -- var435;
	var557 -- var16;
	var557 -- var13;
	var557 -- var14;
	var557 -- var15;
	var557 -- var324;
	var557 -- var323;
	var557 -- var322;
	var557 -- var321;
	var799 -- var768;
	var799 -- var767;
	var799 -- var798;
	var799 -- var797;
}

Starting the algorithm...
